Workbook
Name Cause: 'H:\Users\charo\OneDrive\Desktop\Pondy1 - Daily record 2021.xlsx'!TableSubMainCause[Sub Main Cause]
Name CustomerFeedback: 'H:\Users\charo\OneDrive\Desktop\Pondy1 - Daily record 2021.xlsx'!TableCustomerFeedback[Customer Feedback]
Name CustomerFeedback: 'H:\Users\charo\OneDrive\Desktop\Pondy1 - Daily record 2021.xlsx'!TableCustomerFeedback[Customer Feedback]
Name CustomerStatus: 'H:\Users\charo\OneDrive\Desktop\Pondy1 - Daily record 2021.xlsx'!TableCustomerStatus[Customer status]
Name CustomerStatus: 'H:\Users\charo\OneDrive\Desktop\Pondy1 - Daily record 2021.xlsx'!TableCustomerStatus[Customer status]
Name FirstPassStatus: 'H:\Users\charo\OneDrive\Desktop\Pondy1 - Daily record 2021.xlsx'!Table1stPassStatus[1stPassStatus]
Name FirstPassStatus: 'H:\Users\charo\OneDrive\Desktop\Pondy1 - Daily record 2021.xlsx'!Table1stPassStatus[1stPassStatus]
Name Gudur: 'H:\Users\charo\OneDrive\Desktop\Pondy1 - Daily record 2021.xlsx'!TableMatGD[Gudur]
Name Gudur: 'H:\Users\charo\OneDrive\Desktop\Pondy1 - Daily record 2021.xlsx'!TableMatGD[Gudur]
Name Hatchery: 'H:\Users\charo\OneDrive\Desktop\Pondy1 - Daily record 2021.xlsx'!TableHatchery[Hatchery]
Name Hatchery: 'H:\Users\charo\OneDrive\Desktop\Pondy1 - Daily record 2021.xlsx'!TableHatchery[Hatchery]
Name MainCause: 'H:\Users\charo\OneDrive\Desktop\Pondy1 - Daily record 2021.xlsx'!TableMainCause[Main Cause]
Name MainCause: 'H:\Users\charo\OneDrive\Desktop\Pondy1 - Daily record 2021.xlsx'!TableMainCause[Main Cause]
Name MarketArea: '[1]Pondy1 - Daily record 2020_Revi'!#REF!
Name MarketArea: 'H:\Users\charo\OneDrive\Desktop\Pondy1 - Daily record 2021.xlsx'!TableMarketArea[MarketArea]
Name MarketArea: 'H:\Users\charo\OneDrive\Desktop\Pondy1 - Daily record 2021.xlsx'!TableMarketArea[MarketArea]
Name Maturation: 'H:\Users\charo\OneDrive\Desktop\Pondy1 - Daily record 2021.xlsx'!TableMat[Maturation]
Name Maturation: 'H:\Users\charo\OneDrive\Desktop\Pondy1 - Daily record 2021.xlsx'!TableMat[Maturation]
Name MType: 'H:\Users\charo\OneDrive\Desktop\Pondy1 - Daily record 2021.xlsx'!TableMType[Management Type]
Name MType: 'H:\Users\charo\OneDrive\Desktop\Pondy1 - Daily record 2021.xlsx'!TableMType[Management Type]
Name Nellore: 'H:\Users\charo\OneDrive\Desktop\Pondy1 - Daily record 2021.xlsx'!TableMatNL[Nellore]
Name Nellore: 'H:\Users\charo\OneDrive\Desktop\Pondy1 - Daily record 2021.xlsx'!TableMatNL[Nellore]
Name NpStage: 'H:\Users\charo\OneDrive\Desktop\Pondy1 - Daily record 2021.xlsx'!TableNPStage[NpStage]
Name NpStage: 'H:\Users\charo\OneDrive\Desktop\Pondy1 - Daily record 2021.xlsx'!TableNPStage[NpStage]
Name Ongole: 'H:\Users\charo\OneDrive\Desktop\Pondy1 - Daily record 2021.xlsx'!TableMatOG[Ongole]
Name Ongole: 'H:\Users\charo\OneDrive\Desktop\Pondy1 - Daily record 2021.xlsx'!TableMatOG[Ongole]
Name PackingType: 'H:\Users\charo\OneDrive\Desktop\Pondy1 - Daily record 2021.xlsx'!TablePackingType[Packing Type]
Name PackingType: 'H:\Users\charo\OneDrive\Desktop\Pondy1 - Daily record 2021.xlsx'!TablePackingType[Packing Type]
Name Parameter: 'H:\Users\charo\OneDrive\Desktop\Pondy1 - Daily record 2021.xlsx'!TableParameter[Parameter]
Name Parameter: 'H:\Users\charo\OneDrive\Desktop\Pondy1 - Daily record 2021.xlsx'!TableParameter[Parameter]
Name Pondy: 'H:\Users\charo\OneDrive\Desktop\Pondy1 - Daily record 2021.xlsx'!TableMatPD[Pondy]
Name Pondy: 'H:\Users\charo\OneDrive\Desktop\Pondy1 - Daily record 2021.xlsx'!TableMatPD[Pondy]
Name Pondy1: 'H:\Users\kampol\DATA 2020\Daily Record 2020\Ongole\Ongole - Daily Record_Revise.xlsx'!TableMatPD[Pondy1]
Name PortDest: '[1]Pondy1 - Daily record 2020_Revi'!#REF!
Name PortDest: 'H:\Users\charo\OneDrive\Desktop\Pondy1 - Daily record 2021.xlsx'!TablePortDest[PortDest]
Name PortDest: 'H:\Users\charo\OneDrive\Desktop\Pondy1 - Daily record 2021.xlsx'!TablePortDest[PortDest]
Name ProductStatus: 'H:\Users\charo\OneDrive\Desktop\Pondy1 - Daily record 2021.xlsx'!TableProductStatus[Product status]
Name ProductStatus: 'H:\Users\charo\OneDrive\Desktop\Pondy1 - Daily record 2021.xlsx'!TableProductStatus[Product status]
Name SellingStatus: 'H:\Users\charo\OneDrive\Desktop\Pondy1 - Daily record 2021.xlsx'!TableSellingStatus[Selling status]
Name SellingStatus: 'H:\Users\charo\OneDrive\Desktop\Pondy1 - Daily record 2021.xlsx'!TableSellingStatus[Selling status]
Name SubMainCause: 'H:\Users\charo\OneDrive\Desktop\Pondy1 - Daily record 2021.xlsx'!TableSubMainCause[Sub Main Cause]
Name SubMainCause: 'H:\Users\charo\OneDrive\Desktop\Pondy1 - Daily record 2021.xlsx'!TableSubMainCause[Sub Main Cause]
Name Territory: 'H:\Users\charo\OneDrive\Desktop\Pondy1 - Daily record 2021.xlsx'!TableTerritory[Territory]
Name Territory: 'H:\Users\charo\OneDrive\Desktop\Pondy1 - Daily record 2021.xlsx'!TableTerritory[Territory]
Name Transportation: '[1]Pondy1 - Daily record 2020_Revi'!#REF!
Name Transportation: 'H:\Users\charo\OneDrive\Desktop\Pondy1 - Daily record 2021.xlsx'!TableTransportation[Transportation]
Name Transportation: 'H:\Users\charo\OneDrive\Desktop\Pondy1 - Daily record 2021.xlsx'!TableTransportation[Transportation]
Name TypeOfProduct: 'H:\Users\charo\OneDrive\Desktop\Pondy1 - Daily record 2021.xlsx'!TableTypeOfProduct[Type of Product]
Name TypeOfProduct: 'H:\Users\charo\OneDrive\Desktop\Pondy1 - Daily record 2021.xlsx'!TableTypeOfProduct[Type of Product]
Name Unit: 'H:\Users\charo\OneDrive\Desktop\Pondy1 - Daily record 2021.xlsx'!TableUnit[Unit]
Name Unit: 'H:\Users\charo\OneDrive\Desktop\Pondy1 - Daily record 2021.xlsx'!TableUnit[Unit]
Name Vijaya1: 'H:\Users\charo\OneDrive\Desktop\Pondy1 - Daily record 2021.xlsx'!TableMatVJ1[Vijaya1]
Name Vijaya1: 'H:\Users\charo\OneDrive\Desktop\Pondy1 - Daily record 2021.xlsx'!TableMatVJ1[Vijaya1]
Name Vijaya2: 'H:\Users\charo\OneDrive\Desktop\Pondy1 - Daily record 2021.xlsx'!TableMatVJ2[Vijaya2]
Name Vijaya2: 'H:\Users\charo\OneDrive\Desktop\Pondy1 - Daily record 2021.xlsx'!TableMatVJ2[Vijaya2]

Sheet Explaination sheet
A1: Type of Product | B1: Product status | C1: Detail of Product
A2: PL4 | B2: Np - PL4 | C2: Nauplius stocking and culture up to PL4 and PL4 Transfer to CP hatchery .
B3: Np - PL4 Seed Bank | C3: Nauplius stocking and culture up to PL4 then sell to Dealer.
C4: ( Dealer will culture till 4-7 days and sell to his customer)
A5: Flight | B5: Np - PL10 Flight | C5: Np stocking to culture to PL10 or sell to customer after pass the flight standard
B6: PL4 - PL10 Flight | C6: PL4 stocking to culture to PL10 or sell to customer after pass the flight standard
A7: PL12 | B7: Np - PL12 | C7: Np stocking and culture to PL12 or sell to customer after pass the PL-QC standard
B8: PL4 - PL12 | C8: PL4 stocking and culture to PL12 or sell to customer after pass the PL-QC standard
A9: SuperPL | B9: Np - SuperPL | C9: Nauplius stocking and culture up to Super PL and sell to customer
B10: PL4 - SuperPL | C10: PL4 stocking and culture up to Super PL and sell to customer

Sheet STD_01122025
A1: Start Date | B1: Parameter | C1: STD PL4 | D1: formular | E1: STD PL12 | F1: formular | G1: STD SuperPL | H1: formular | I1: STD Flight | J1: formular
A2: 44896 | B2: DOC | C2: - | E2: 16 | F2: 23 | G2: - | I2: -
B3: TL | C3: 6 | D3: 5.999 | E3: 7.5 | F3: 7.499 | G3: 11 | H3: 10.999 | I3: 7 | J3: 6.999
B4: %CV | C4: 7 | D4: 7.001 | E4: 10 | F4: 10.001 | G4: 15 | H4: 15.001 | I4: 8 | J4: 8.001
B5: %TL | C5: - | E5: 70 | F5: 69.999 | G5: 99 | H5: 98.999 | I5: -
B6: %ST | C6: 80 | D6: 79.999 | E6: 90 | F6: 89.999 | G6: 90 | H6: 89.999 | I6: 85 | J6: 84.999
B7: GVC | C7: ND | D7: ND | E7: ND | F7: 1 | G7: ND | I7: ND
B8: LB | C8: ND | E8: ND | F8: 1 | G8: ND | I8: ND

Sheet Unit
A1: Tank No. | B1: Volumn
A2: A1-01 | B2: 16 | D2: Vijaya2
A3: A1-02 | B3: 16 | D3: Unit | E3: Tank No. | F3: Water Volume | G3: Tank Volume
A4: A1-03 | B4: 16 | F4: (Ton) | G4: (Ton)
A5: A1-04 | B5: 16 | D5: A | E5: 1 - 10 | F5: 16 | G5: 18 | H5: =(RIGHT(E5,2)-LEFT(E5,2)+1)*F5 -> 160
A6: A1-05 | B6: 16 | E6: 11 - 20 | F6: 8 | G6: 10 | H6: =(RIGHT(E6,2)-LEFT(E6,2)+1)*F6 -> 80
A7: A1-06 | B7: 16 | D7: B | E7: 1 - 8 | F7: 12 | G7: 10 | H7: =(RIGHT(E7,2)-LEFT(E7,2)+1)*F7 -> 96
A8: A1-07 | B8: 16 | D8: C | E8: 1 - 8 | F8: 20 | G8: 20 | H8: =(RIGHT(E8,2)-LEFT(E8,2)+1)*F8 -> 160
A9: A1-08 | B9: 16 | D9: D | E9: 1 - 10 | F9: 20 | G9: 20 | H9: =(RIGHT(E9,2)-LEFT(E9,2)+1)*F9 -> 200
A10: A1-09 | B10: 16 | D10: E | E10: 1 - 12 | F10: 10 | G10: 20 | H10: =(RIGHT(E10,2)-LEFT(E10,2)+1)*F10 -> 120
A11: A1-10 | B11: 16 | D11: Revise : 151218 | H11: =SUM(H5:H10) -> 816
A12: A1-11 | B12: 8
A13: A1-12 | B13: 8
A14: A1-13 | B14: 8
A15: A1-14 | B15: 8
A16: A1-15 | B16: 8
A17: A1-16 | B17: 8
A18: A1-17 | B18: 8
A19: A1-18 | B19: 8
A20: A1-19 | B20: 8
A21: A1-20 | B21: 8
A22: B1-01 | B22: 12
A23: B1-02 | B23: 12
... A59: E1-12 | B59: 10
B60: =SUM(B2:B59) -> 816

Sheet List
A1: Hatchery | B1: Maturation | C1: Brooder Source | D1: Gudur | E1: Nellore | F1: Ongole | G1: Pondy | H1: Vijaya1 | I1: Vijaya2 | J1: Unit | K1: NpStage | L1: Type of Product | M1: Product status | N1: MarketArea | O1: Customer status | P1: Selling status | Q1: Customer Feedback | R1: Packing Type | S1: 1stPassStatus | T1: Parameter | U1: STD PL4 | V1: STD PL12 | W1: STD SuperPL | X1: Management Type | Y1: Main Cause | Z1: Sub Main Cause | AA1: Parameter | AB1: Territory | AC1: Transportation | AD1: PortDest
A2: FB | B2: Gudur | C2: CP-Rocket | D2: GD-MA1 | E2: NL-MA1 | F2: OG-MA1 | G2: PD-MA1 | H2: V1-MA1 | I2: V2-MA1 | J2: A1 | K2: Np2 | L2: PL4 | M2: Np - PL4 | N2: CENTRAL-1 | O2: CP Hatchery | P2: Pass: Sold | Q2: Satisfied | R2: QPASS Tank | S2: Pass | T2: DOC | U2: - | V2: 21 | W2: - | X2: Drain | Y2: Out of order | Z2: Out of order | AA2: EHP | AB2: North | AC2: Flight | AD2: Kolkata
A3: Gujarat2 | B3: Nellore | C3: CP-Kong | D3: GD-MA2 | E3: NL-MB1 | F3: OG-MA2 | G3: PD-MB1 | H3: V1-MB1 | I3: V2-MB1 | J3: B1 | K3: Np4 | L3: PL12 | M3: Np - PL4 Seed Bank | N3: CENTRAL-2 | O3: CP Farm | P3: Claim | Q3: Weak & Die | R3: Mini QPASS Tank | S3: Fail | T3: TL | U3: 6 | V3: 8.5 | W3: 11 | X3: Shift | Y3: Out of Standard | Z3: Not pass QC | AA3: VPA | AB3: Central | AC3: Vehicle | AD3: Surat
A4: Pondy1 | B4: Ongole | C4: SyAqua | D4: GD-MB1 | E4: NL-MC1 | F4: OG-MB1 | G4: PD-MC1 | H4: V1-MC1 | J4: C1 | L4: SuperPL | M4: Np - PL10 Flight | N4: CENTRAL-3 | O4: Customer | P4: Seed Support | Q4: Size Variation | R4: Plastic Bag | T4: %CV | U4: 10 | V4: 11 | W4: 15 | X4: Mix | Y4: Return & weak | Z4: Drain with AHPND | AA4: GVC | AB4: South | AD4: Mumbai
A5: Pondy2 | B5: Pondy1 | C5: Konabay | D5: GD-MB2 | E5: NL-MD1 | F5: OG-MB2 | G5: PD-MD1 | H5: V1-MD1 | J5: D1 | L5: Flight | M5: PL4 - PL10 Flight | N5: CENTRAL-4 | P5: Fail: Sold with Approved letter | Q5: Shortage | T5: %TL | U5: - | V5: 80 | W5: 99 | X5: Separate | Y5: Other damage | Z5: Drain with EHP | AA5: LB | AB5: West
A6: Gudur | B6: Vijaya1 | C6: SIS | D6: GD-MC1 | J6: E1 | M6: Np - PL12 | N6: CENTRAL-5 | P6: Fail: Sold without Approved letter | Q6: Reject | T6: %ST | U6: - | V6: 90 | W6: 90 | Y6: Size Selection | Z6: Drain with GVC | AA6: TL
A7: Nellore | B7: Vijaya2 | J7: G1 | M7: PL4 - PL12 | N7: CENTRAL-6 | T7: GVC | U7: - | V7: 1000 | W7: 1000 | Z7: Drain with Deformity | AA7: %TL
A8: Ongole | M8: Np - SuperPL | N8: CENTRAL-7 | T8: LB | U8: - | V8: ND | W8: ND | Z8: Drain with other virus | AA8: %CV
A9: Vijaya1 | M9: PL4 - SuperPL | N9: CENTRAL-8 | Z9: Size | AA9: Stress test
A10: Vijaya2 | N10: CENTRAL-9 | Z10: Salinity | AA10: DoC Over
A11: AMP | N11: CENTRAL-10 | Z11: Shortage | AA11: Melanize
A12: Gujarat1 | N12: WB-1 | Z12: Claim Np 100% | AA12: Necrosis
A13: Gold River | N13: WB-2 | Z13: Weak at Zoea stage | AA13: Ectoparasite
N14: WB-3 | Z14: Weak at Mysis stage | AA14: Pale Color
N15: WB-4 | Z15: Weak at PL stage | AA15: Deform PL
N16: North WB | Z16: Cause of WQ | AA16: Tubular / Lipid
N17: Assam | Z17: Reduce/Less Density
N18: Bihar | Z18: Cause of Fungi
N19: NER | Z19: Drain with QA
N20: NOD-1 | Z20: Drain with Company Policy
N21: NOD-2 | Z21: Size Selection
N22: SOD-1
N23: SOD-2
N24: Gujarat-N
N25: Gujarat-S
N26: UP
N27: Rajasthan
N28: Haryana
N29: Panjab
N30: MP
N31: South Westhern
N32: SIM-1
N33: SIM-2
... N63: KL

Sheet NP sum
A1: Year | B1: 2025
A2: Month | B2: (All)
L3: 8072235052
A4: Row Labels | B4: Sum of No.Np/PL4 Transfer (Mil)
A5: Konabay | B5: 119.3
A6: SIS | B6: 265.692
A7: SyAqua | B7: 106.7
A8: Grand Total | B8: 491.692
A13: Months | B13: Sep
A15: Row Labels | B15: Sum of Total PL Selling (Mil.) | C15: Sum of Total PL Production (Mil.)
A16: SIS | B16: 7903000 | C16: 11837002 | E16: 92166132 | F16: 1.2221693e+08 | H16: =E16/10^6 -> 92.166132 | I16: =F16/10^6 -> 122.21693
A17: SyAqua | B17: 12880700 | C17: 19486113 | E17: 1.7318144e+08 | F17: 2.4043654e+08 | H17: =E17/10^6 -> 173.18144 | I17: =F17/10^6 -> 240.43654
A18: Grand Total | B18: 20783700 | C18: 31323114 | E18: 1300000 | F18: 1830600 | H18: =E18/10^6 -> 1.3 | I18: =F18/10^6 -> 1.8306
E19: 2.6664757e+08 | F19: 3.6448407e+08 | H19: =E19/10^6 -> 266.64757 | I19: =F19/10^6 -> 364.48407
B24: =GETPIVOTDATA("Sum of Total PL Selling (Mil.)",$A$15)/10^6 -> 20.7837 | C24: =GETPIVOTDATA("Sum of Total PL Production (Mil.)",$A$15)/10^6 -> 31.323114
A29: Hatchery | B29: Vijaya2
A31: Row Labels | B31: Sum of Field1 | C31: Sum of Field2
A32: Feb | B32: 50.715081 | C32: 65.922032
A33: Mar | B33: 79.607832 | C33: 105.09407
A34: Apr | B34: 31.098068 | C34: 43.80546
A35: May | B35: 44.565872 | C35: 64.670877
A36: Jul | B36: 73.0106 | C36: 94.115052
A37: Aug | B37: 45.515725 | C37: 61.279579
A38: Sep | B38: 20.7837 | C38: 31.323114
A39: Grand Total | B39: 345.29688 | C39: 466.21019

Sheet Np Quality
A1: MAT-Date | B1: Date | C1: Maturation | D1: MAT Unit | E1: Brooder Source | F1: Np Stage | G1: %FER | H1: %HAT | I1: %Deformity | J1: Size(µm) | K1: Fungus (24 hrs) | L1: Fungus (48 hrs) | M1: %CV <5.0 | N1: PCR STD | O1: Bacteria STD | P1: Actual Np (Mill.) | Q1: Np Transfer (mill.) | R1: Np drained (Mill.) (Good quality) | S1: Np drained (Mill.) (Non quality) | T1: Pondy 1 | U1: FB | V1: Vijaya 1 | W1: Vijaya 2 | X1: Customer | AA1: PCR STD | AB1: Bacteria STD
A2: =D2&"-"&B2 -> PD-MA1-45683 | B2: 45683 | C2: Pondy1 | D2: PD-MA1 | E2: Konabay | F2: NP3 | G2: - | H2: - | I2: 0.01 | J2: 385 | K2: ND | L2: ND | M2: 0.0172 | N2: Pass | O2: Pass | AA2: Pass | AB2: Pass
A3: =D3&"-"&B3 -> PD-MA1-45684 | B3: 45684 | C3: Pondy1 | D3: PD-MA1 | E3: Konabay | F3: NP3 | G3: - | H3: - | I3: 0.02 | J3: 387 | K3: ND | L3: ND | M3: 0.0172 | N3: Pass | O3: Pass | AA3: Fail | AB3: Fail
A4: =D4&"-"&B4 -> PD-MC1-45684 | B4: 45684 | C4: Pondy1 | D4: PD-MC1 | E4: Konabay | F4: NP3 | G4: - | H4: - | I4: 0.02 | J4: 390 | K4: ND | L4: ND | M4: 0.0164 | N4: Pass | O4: Pass
A5: =D5&"-"&B5 -> V1-MD1-45684 | B5: 45684 | C5: Vijaya1 | D5: V1-MD1 | E5: Konabay | F5: Np4 | G5: 0.8 | H5: 0.8 | I5: 0.01 | J5: 480 | K5: ND | L5: ND | M5: 0.0169 | N5: Pass | O5: Pass
A6: =D6&"-"&B6 -> V1-MD1-45685 | B6: 45685 | C6: Vijaya1 | D6: V1-MD1 | E6: Konabay | F6: Np4 | G6: 0.9 | H6: 0.9 | I6: 0 | J6: 487 | K6: ND | L6: ND | M6: 0.0175 | N6: Pass | O6: Pass
A7: =D7&"-"&B7 -> V1-MD1-45686 | B7: 45686 | C7: Vijaya1 | D7: V1-MD1 | E7: Konabay | F7: Np4 | G7: 0.9 | H7: 0.9 | I7: 0.01 | J7: 490 | K7: ND | L7: ND | M7: 0.0182 | N7: Pass | O7: Pass
A8: =D8&"-"&B8 -> PD-MA1-45687 | B8: 45687 | C8: Pondy1 | D8: PD-MA1 | E8: Konabay | F8: NP3 | G8: - | H8: - | I8: 0.02 | J8: 388 | K8: ND | L8: ND | M8: 0.0173 | N8: Pass | O8: Pass
A9: =D9&"-"&B9 -> PD-MC1-45687 | B9: 45687 | C9: Pondy1 | D9: PD-MC1 | E9: Konabay | F9: NP3 | G9: - | H9: - | I9: 0.01 | J9: 390 | K9: ND | L9: ND | M9: 0.0188 | N9: Pass | O9: Pass
A10: =D10&"-"&B10 -> V1-MD1-45687 | B10: 45687 | C10: Vijaya1 | D10: V1-MD1 | E10: Konabay | F10: Np4 | G10: 0.8 | H10: 0.8 | I10: 0.01 | J10: 480 | K10: ND | L10: ND | M10: 0.0202 | N10: Pass | O10: Pass
A11: =D11&"-"&B11 -> V1-MD1-45688 | B11: 45688 | C11: Vijaya1 | D11: V1-MD1 | E11: Konabay | F11: Np4 | G11: 0.9 | H11: 0.9 | I11: 0 | J11: 490 | K11: ND | L11: ND | M11: 0.0192 | N11: Pass | O11: Pass
A12: =D12&"-"&B12 -> V1-MB1-45694 | B12: 45694 | C12: Vijaya1 | D12: V1-MB1 | E12: SIS | F12: Np4 | G12: 0.9 | H12: 0.9 | I12: 0 | J12: 486 | K12: ND | L12: ND | M12: 0.0184 | N12: Pass | O12: Pass
A13: =D13&"-"&B13 -> V1-MD1-45694 | B13: 45694 | C13: Vijaya1 | D13: V1-MD1 | E13: Konabay | F13: Np4 | G13: 0.9 | H13: 0.9 | I13: 0 | J13: 480 | K13: ND | L13: ND | M13: 0.019 | N13: Pass | O13: Pass
A14: =D14&"-"&B14 -> PD-MA1-45695 | B14: 45695 | C14: Pondy1 | D14: PD-MA1 | E14: Konabay | F14: NP3 | G14: - | H14: - | I14: 0.01 | J14: 395 | K14: ND | L14: ND | M14: 0.0175 | N14: Pass | O14: Pass
A15: =D15&"-"&B15 -> V1-MB1-45695 | B15: 45695 | C15: Vijaya1 | D15: V1-MB1 | E15: SIS | F15: Np4 | G15: 0.9 | H15: 0.9 | I15: 0 | J15: 490 | K15: ND | L15: ND | M15: 0.0186 | N15: Pass | O15: Pass
A16: =D16&"-"&B16 -> V1-MD1-45695 | B16: 45695 | C16: Vijaya1 | D16: V1-MD1 | E16: Konabay | F16: Np4 | G16: 0.9 | H16: 0.9 | I16: 0 | J16: 483 | K16: ND | L16: ND | M16: 0.0193 | N16: Pass | O16: Pass
B17: 45696 | C17: Pondy1 | D17: PD-MA1 | E17: Konabay | F17: NP3 | G17: - | H17: - | I17: 0.02 | J17: 386 | K17: ND | L17: ND | M17: 0.016 | N17: Pass | O17: Pass
A18: =D18&"-"&B18 -> V1-MB1-45696 | B18: 45696 | C18: Vijaya1 | D18: V1-MB1 | E18: SIS | F18: Np4 | G18: 0.9 | H18: 0.9 | I18: 0 | J18: 490 | K18: ND | L18: ND | M18: 0.0172 | N18: Pass | O18: Pass
A19: =D19&"-"&B19 -> V1-MD1-45696 | B19: 45696 | C19: Vijaya1 | D19: V1-MD1 | E19: Konabay | F19: Np4 | G19: 0.9 | H19: 0.9 | I19: 0 | J19: 486 | K19: ND | L19: ND | M19: 0.018 | N19: Pass | O19: Pass
A20: =D20&"-"&B20 -> V1-MB1-45697 | B20: 45697 | C20: Vijaya1 | D20: V1-MB1 | E20: SIS | F20: Np4 | G20: 0.9 | H20: 0.9 | I20: 0 | J20: 488 | K20: ND | L20: ND | M20: 0.0191 | N20: Pass | O20: Pass
A21: =D21&"-"&B21 -> V1-MD1-45697 | B21: 45697 | C21: Vijaya1 | D21: V1-MD1 | E21: Konabay | F21: Np4 | G21: 0.9 | H21: 0.9 | I21: 0.01 | J21: 478 | K21: ND | L21: ND | M21: 0.0188 | N21: Pass | O21: Pass
A22: =D22&"-"&B22 -> PD-MA1-45699 | B22: 45699 | C22: Pondy1 | D22: PD-MA1 | E22: Konabay | F22: Np4 | G22: - | H22: - | I22: 0.01 | J22: 474 | K22: ND | L22: ND | M22: 0.0169 | N22: Pass | O22: Pass
A23: =D23&"-"&B23 -> V1-MB1-45699 | B23: 45699 | C23: Vijaya1 | D23: V1-MB1 | E23: SIS | F23: Np4 | G23: 0.9 | H23: 0.9 | I23: 0 | J23: 490 | K23: ND | L23: ND | M23: 0.0188 | N23: Pass | O23: Pass
A24: =D24&"-"&B24 -> PD-MA1-45700 | B24: 45700 | C24: Pondy1 | D24: PD-MA1 | E24: Konabay | F24: Np4 | G24: - | H24: - | I24: 0 | J24: 476 | K24: ND | L24: ND | M24: 0.0159 | N24: Pass | O24: Pass
A25: =D25&"-"&B25 -> V1-MB1-45700 | B25: 45700 | C25: Vijaya1 | D25: V1-MB1 | E25: SIS | F25: Np4 | G25: 0.9 | H25: 0.9 | I25: 0.01 | J25: 486 | K25: ND | L25: ND | M25: 0.0182 | N25: Pass | O25: Pass
A26: =D26&"-"&B26 -> V1-MD1-45700 | B26: 45700 | C26: Vijaya1 | D26: V1-MD1 | E26: Konabay | F26: Np4 | G26: 0.9 | H26: 0.9 | I26: 0 | J26: 480 | K26: ND | L26: ND | M26: 0.0177 | N26: Pass | O26: Pass
A27: =D27&"-"&B27 -> V1-MB1-45701 | B27: 45701 | C27: Vijaya1 | D27: V1-MB1 | E27: SIS | F27: Np4 | G27: 0.9 | H27: 0.9 | I27: 0 | J27: 490 | K27: ND | L27: ND | M27: 0.0198 | N27: Pass | O27: Pass
A28: =D28&"-"&B28 -> V1-MD1-45701 | B28: 45701 | C28: Vijaya1 | D28: V1-MD1 | E28: Konabay | F28: Np4 | G28: 0.9 | H28: 0.9 | I28: 0 | J28: 486 | K28: ND | L28: ND | M28: 0.0181 | N28: Pass | O28: Pass
A29: =D29&"-"&B29 -> V1-MB1-45705 | B29: 45705 | C29: Vijaya1 | D29: V1-MB1 | E29: SIS | F29: Np4 | G29: 0.9 | H29: 0.9 | I29: 0 | J29: 492 | K29: ND | L29: ND | M29: 0.0179 | N29: Pass | O29: Pass
A30: =D30&"-"&B30 -> V1-MD1-45705 | B30: 45705 | C30: Vijaya1 | D30: V1-MD1 | E30: Konabay | F30: Np4 | G30: 0.9 | H30: 0.9 | I30: 0 | J30: 484 | K30: ND | L30: ND | M30: 0.0165 | N30: Pass | O30: Pass
A31: =D31&"-"&B31 -> V1-MB1-45706 | B31: 45706 | C31: Vijaya1 | D31: V1-MB1 | E31: SIS | F31: Np4 | G31: 0.9 | H31: 0.9 | I31: 0 | J31: 492 | K31: ND | L31: ND | M31: 0.0173 | N31: Pass | O31: Pass
A32: =D32&"-"&B32 -> V1-MD1-45706 | B32: 45706 | C32: Vijaya1 | D32: V1-MD1 | E32: Konabay | F32: Np4 | G32: 0.9 | H32: 0.9 | I32: 0 | J32: 486 | K32: ND | L32: ND | M32: 0.0167 | N32: Pass | O32: Pass
A33: =D33&"-"&B33 -> V1-MD1-45707 | B33: 45707 | C33: Vijaya1 | D33: V1-MD1 | E33: Konabay | F33: Np4 | G33: 0.9 | H33: 0.9 | I33: 0 | J33: 482 | K33: ND | L33: ND | M33: 0.0171 | N33: Pass | O33: Pass
A34: =D34&"-"&B34 -> V1-MD1-45708 | B34: 45708 | C34: Vijaya1 | D34: V1-MD1 | E34: Konabay | F34: Np4 | G34: 0.9 | H34: 0.9 | I34: 0 | J34: 488 | K34: ND | L34: ND | M34: 0.0175 | N34: Pass | O34: Pass
A35: =D35&"-"&B35 -> V1-MD1-45708 | B35: 45708 | C35: Vijaya1 | D35: V1-MD1 | E35: Konabay | F35: Np4 | G35: 0.9 | H35: 0.9 | I35: 0 | J35: 488 | K35: ND | L35: ND | M35: 0.0175 | N35: Pass | O35: Pass
A36: =D36&"-"&B36 -> PD-MA1-45709 | B36: 45709 | C36: Pondy1 | D36: PD-MA1 | E36: Konabay | F36: Np4 | G36: - | H36: - | I36: 0.02 | J36: 472 | K36: ND | L36: ND | M36: 0.0161 | N36: Pass | O36: Pass
A37: =D37&"-"&B37 -> V1-MB1-45710 | B37: 45710 | C37: Vijaya1 | D37: V1-MB1 | E37: SIS | F37: Np4 | G37: 0.9 | H37: 0.9 | I37: 0 | J37: 498 | K37: ND | L37: ND | M37: 0.0189 | N37: Pass | O37: Pass
A38: =D38&"-"&B38 -> V1-MD1-45710 | B38: 45710 | C38: Vijaya1 | D38: V1-MD1 | E38: Konabay | F38: Np4 | G38: 0.9 | H38: 0.9 | I38: 0 | J38: 488 | K38: ND | L38: ND | M38: 0.0163 | N38: Pass | O38: Pass
A39: =D39&"-"&B39 -> V1-MB1-45711 | B39: 45711 | C39: Vijaya1 | D39: V1-MB1 | E39: SIS | F39: Np4 | G39: 0.9 | H39: 0.9 | I39: 0 | J39: 495 | K39: ND | L39: ND | M39: 0.0191 | N39: Pass | O39: Pass
A40: =D40&"-"&B40 -> V1-MD1-45711 | B40: 45711 | C40: Vijaya1 | D40: V1-MD1 | E40: Konabay | F40: Np4 | G40: 0.9 | H40: 0.9 | I40: 0 | J40: 486 | K40: ND | L40: ND | M40: 0.0172 | N40: Pass | O40: Pass
A41: =D41&"-"&B41 -> PD-MB1-45716 | B41: 45716 | C41: Pondy1 | D41: PD-MB1 | E41: SyAqua | F41: Np4 | G41: - | H41: - | I41: 0.01 | J41: 470 | K41: ND | L41: ND | M41: 0.0192 | N41: Pass | O41: Pass
A42: =D42&"-"&B42 -> V1-MB1-45716 | B42: 45716 | C42: Vijaya1 | D42: V1-MB1 | E42: SIS | F42: Np4 | G42: 0.9 | H42: 0.9 | I42: 0 | J42: 498 | K42: ND | L42: ND | M42: 0.0189 | N42: Pass | O42: Pass
B43: 45716 | C43: Vijaya1 | D43: V1-MD1 | E43: Konabay | F43: Np4 | G43: 0.9 | H43: 0.9 | I43: 0 | J43: 492 | K43: ND | L43: ND | M43: 0.0165 | N43: Pass | O43: Pass
A44: =D44&"-"&B44 -> V1-MB1-45717 | B44: 45717 | C44: Vijaya1 | D44: V1-MB1 | E44: SIS | F44: Np4 | G44: 0.9 | H44: 0.9 | I44: 0 | J44: 496 | K44: ND | L44: ND | M44: 0.0196 | N44: Pass | O44: Pass
A45: =D45&"-"&B45 -> V1-MD1-45717 | B45: 45717 | C45: Vijaya1 | D45: V1-MD1 | E45: Konabay | F45: Np4 | G45: 0.9 | H45: 0.9 | I45: 0 | J45: 490 | K45: ND | L45: ND | M45: 0.0175 | N45: Pass | O45: Pass
A46: =D46&"-"&B46 -> V1-MD1-45718 | B46: 45718 | C46: Vijaya1 | D46: V1-MD1 | E46: Konabay | F46: Np4 | G46: 0.9 | H46: 0.9 | I46: 0 | J46: 489 | K46: ND | L46: ND | M46: 0.0178 | N46: Pass | O46: Pass
A47: =D47&"-"&B47 -> V1-MB1-45721 | B47: 45721 | C47: Vijaya1 | D47: V1-MB1 | E47: SIS | F47: Np4 | G47: 0.9 | H47: 0.9 | I47: 0 | J47: 496 | K47: ND | L47: ND | M47: 0.0174 | N47: Pass | O47: Pass
A48: =D48&"-"&B48 -> V1-MD1-45721 | B48: 45721 | C48: Vijaya1 | D48: V1-MD1 | E48: Konabay | F48: Np4 | G48: 0.9 | H48: 0.9 | I48: 0 | J48: 491 | K48: ND | L48: ND | M48: 0.0178 | N48: Pass | O48: Pass
A49: =D49&"-"&B49 -> V1-MB1-45722 | B49: 45722 | C49: Vijaya1 | D49: V1-MB1 | E49: SIS | F49: Np4 | G49: 0.9 | H49: 0.9 | I49: 0 | J49: 494 | K49: ND | L49: ND | M49: 0.018 | N49: Pass | O49: Pass
A50: =D50&"-"&B50 -> V1-MD1-45722 | B50: 45722 | C50: Vijaya1 | D50: V1-MD1 | E50: Konabay | F50: Np4 | G50: 0.9 | H50: 0.9 | I50: 0 | J50: 490 | K50: ND | L50: ND | M50: 0.0177 | N50: Pass | O50: Pass
A51: =D51&"-"&B51 -> V1-MB1-45723 | B51: 45723 | C51: Vijaya1 | D51: V1-MB1 | E51: SIS | F51: Np4 | G51: 0.9 | H51: 0.9 | I51: 0 | J51: 496 | K51: ND | L51: ND | M51: 0.0183 | N51: Pass | O51: Pass
A52: =D52&"-"&B52 -> V1-MB1-45724 | B52: 45724 | C52: Vijaya1 | D52: V1-MB1 | E52: SIS | F52: Np4 | G52: 0.9 | H52: 0.9 | I52: 0 | J52: 497 | K52: ND | L52: ND | M52: 0.0192 | N52: Pass | O52: Pass
A53: =D53&"-"&B53 -> V1-MD1-45724 | B53: 45724 | C53: Vijaya1 | D53: V1-MD1 | E53: Konabay | F53: Np4 | G53: 0.9 | H53: 0.9 | I53: 0 | J53: 492 | K53: ND | L53: ND | M53: 0.0187 | N53: Pass | O53: Pass
A54: =D54&"-"&B54 -> PD-MA1-45730 | B54: 45730 | C54: Pondy1 | D54: PD-MA1 | E54: Konabay | F54: Np4 | G54: - | H54: - | I54: 0.01 | J54: 470 | K54: ND | L54: ND | M54: 0.0192 | N54: Pass | O54: Pass
A55: =D55&"-"&B55 -> PD-MB1-45730 | B55: 45730 | C55: Pondy1 | D55: PD-MB1 | E55: SyAqua | F55: Np4 | G55: - | H55: - | I55: 0.01 | J55: 472 | K55: ND | L55: ND | M55: 0.0185 | N55: Pass | O55: Pass
A56: =D56&"-"&B56 -> V1-MB1-45731 | B56: 45731 | C56: Vijaya1 | D56: V1-MB1 | E56: SIS | F56: Np4 | G56: 0.9 | H56: 0.9 | I56: 0 | J56: 497 | K56: ND | L56: ND | M56: 0.0184 | N56: Pass | O56: Pass
A57: =D57&"-"&B57 -> V1-MD1-45731 | B57: 45731 | C57: Vijaya1 | D57: V1-MD1 | E57: Konabay | F57: Np4 | G57: 0.9 | H57: 0.9 | I57: 0 | J57: 493 | K57: ND | L57: ND | M57: 0.0171 | N57: Pass | O57: Pass
A58: =D58&"-"&B58 -> V1-MB1-45732 | B58: 45732 | C58: Vijaya1 | D58: V1-MB1 | E58: SIS | F58: Np4 | G58: 0.9 | H58: 0.9 | I58: 0 | J58: 498 | K58: ND | L58: ND | M58: 0.0192 | N58: Pass | O58: Pass
A59: =D59&"-"&B59 -> V1-MD1-45732 | B59: 45732 | C59: Vijaya1 | D59: V1-MD1 | E59: Konabay | F59: Np4 | G59: 0.9 | H59: 0.9 | I59: 0 | J59: 490 | K59: ND | L59: ND | M59: 0.0188 | N59: Pass | O59: Pass
A60: =D60&"-"&B60 -> V1-MB1-45738 | B60: 45738 | C60: Vijaya1 | D60: V1-MB1 | E60: SIS | F60: Np4 | G60: 0.9 | H60: 0.9 | I60: 0 | J60: 497 | K60: ND | L60: ND | M60: 0.0187 | N60: Pass | O60: Pass
A61: =D61&"-"&B61 -> V1-MD1-45738 | B61: 45738 | C61: Vijaya1 | D61: V1-MD1 | E61: Konabay | F61: Np4 | G61: 0.9 | H61: 0.9 | I61: 0 | J61: 493 | K61: ND | L61: ND | M61: 0.019 | N61: Pass | O61: Pass
A62: =D62&"-"&B62 -> V1-MB1-45739 | B62: 45739 | C62: Vijaya1 | D62: V1-MB1 | E62: SIS | F62: Np4 | G62: 0.9 | H62: 0.9 | I62: 0 | J62: 497 | K62: ND | L62: ND | M62: 0.0179 | N62: Pass | O62: Pass
A63: =D63&"-"&B63 -> V1-MD1-45739 | B63: 45739 | C63: Vijaya1 | D63: V1-MD1 | E63: Konabay | F63: Np4 | G63: 0.9 | H63: 0.9 | I63: 0 | J63: 494 | K63: ND | L63: ND | M63: 0.0186 | N63: Pass | O63: Pass
A64: =D64&"-"&B64 -> V1-MB1-45740 | B64: 45740 | C64: Vijaya1 | D64: V1-MB1 | E64: SIS | F64: Np4 | G64: 0.9 | H64: 0.9 | I64: 0.01 | J64: 495 | K64: ND | L64: ND | M64: 0.0181 | N64: Pass | O64: Pass
A65: =D65&"-"&B65 -> V1-MD1-45740 | B65: 45740 | C65: Vijaya1 | D65: V1-MD1 | E65: Konabay | F65: Np4 | G65: 0.9 | H65: 0.9 | I65: 0 | J65: 490 | K65: ND | L65: ND | M65: 0.0188 | N65: Pass | O65: Pass
A66: =D66&"-"&B66 -> V1-MB1-45744 | B66: 45744 | C66: Vijaya1 | D66: V1-MB1 | E66: SIS | F66: Np4 | G66: 0.9 | H66: 0.9 | I66: 0 | J66: 498 | K66: ND | L66: ND | M66: 0.0183 | N66: Pass | O66: Pass
A67: =D67&"-"&B67 -> V1-MD1-45744 | B67: 45744 | C67: Vijaya1 | D67: V1-MD1 | E67: Konabay | F67: Np4 | G67: 0.9 | H67: 0.9 | I67: 0 | J67: 494 | K67: ND | L67: ND | M67: 0.0186 | N67: Pass | O67: Pass
... A113: =D113&"-"&B113 -> V1-MC1-45844 | B113: 45844 | C113: Vijaya1 | D113: V1-MC1 | E113: SyAqua | F113: Np4 | G113: 0.98 | H113: 0.98 | I113: 0 | J113: 498 | K113: ND | L113: ND | M113: 0.0165 | N113: Pass | O113: Pass
A114: V1-MB1-45721 | B114: 45845 | C114: Vijaya1 | D114: V1-MA1 | E114: SIS | F114: Np4 | G114: 0.98 | H114: 0.98 | I114: 0 | J114: 492 | K114: ND | L114: ND | M114: 0.0189 | N114: Pass | O114: Pass
A115: V1-MB1-45722 | B115: 45845 | C115: Vijaya1 | D115: V1-MC1 | E115: SyAqua | F115: Np4 | G115: 0.98 | H115: 0.98 | I115: 0 | J115: 494 | K115: ND | L115: ND | M115: 0.0172 | N115: Pass | O115: Pass
A116: V1-MD1-45722 | B116: 45846 | C116: Vijaya1 | D116: V1-MA1 | E116: SIS | F116: Np4 | G116: 0.98 | H116: 0.98 | I116: 0 | J116: 488 | K116: ND | L116: ND | M116: 0.0197 | N116: Pass | O116: Pass
A117: =D117&"-"&B117 -> V1-MC1-45846 | B117: 45846 | C117: Vijaya1 | D117: V1-MC1 | E117: SyAqua | F117: Np4 | G117: 0.98 | H117: 0.98 | I117: 0 | J117: 490 | K117: ND | L117: ND | M117: 0.0164 | N117: Pass | O117: Pass
A118: =D118&"-"&B118 -> V1-MA1-45847 | B118: 45847 | C118: Vijaya1 | D118: V1-MA1 | E118: SIS | F118: Np4 | G118: 0.98 | H118: 0.98 | I118: 0 | J118: 490 | K118: ND | L118: ND | M118: 0.0176 | N118: Pass | O118: Pass
A119: =D119&"-"&B119 -> V1-MC1-45847 | B119: 45847 | C119: Vijaya1 | D119: V1-MC1 | E119: SyAqua | F119: Np4 | G119: 0.98 | H119: 0.98 | I119: 0 | J119: 492 | K119: ND | L119: ND | M119: 0.0168 | N119: Pass | O119: Pass
A120: =D120&"-"&B120 -> V1-MA1-45853 | B120: 45853 | C120: Vijaya1 | D120: V1-MA1 | E120: SIS | F120: Np4 | G120: 0.98 | H120: 0.98 | I120: 0 | J120: 497 | K120: ND | L120: ND | M120: 0.0178 | N120: Pass | O120: Pass
A121: =D121&"-"&B121 -> V1-MC1-45853 | B121: 45853 | C121: Vijaya1 | D121: V1-MC1 | E121: SYAQUA | F121: Np4 | G121: 0.98 | H121: 0.98 | I121: 0 | J121: 498 | K121: ND | L121: ND | M121: 0.0182 | N121: Pass | O121: Pass
A122: =D122&"-"&B122 -> V1-MA1-45854 | B122: 45854 | C122: Vijaya1 | D122: V1-MA1 | E122: SIS | F122: Np4 | G122: 0.98 | H122: 0.98 | I122: 0 | J122: 497 | K122: ND | L122: ND | M122: 0.0173 | N122: Pass | O122: Pass
A123: =D123&"-"&B123 -> V1-MC1-45854 | B123: 45854 | C123: Vijaya1 | D123: V1-MC1 | E123: SYAQUA | F123: Np4 | G123: 0.98 | H123: 0.98 | I123: 0 | J123: 498 | K123: ND | L123: ND | M123: 0.0167 | N123: Pass | O123: Pass
A124: =D124&"-"&B124 -> V1-MA1-45855 | B124: 45855 | C124: Vijaya1 | D124: V1-MA1 | E124: SIS | F124: Np4 | G124: 0.98 | H124: 0.98 | I124: 0 | J124: 494 | K124: ND | L124: ND | M124: 0.0174 | N124: Pass | O124: Pass
A125: =D125&"-"&B125 -> V1-MC1-45855 | B125: 45855 | C125: Vijaya1 | D125: V1-MC1 | E125: SYAQUA | F125: Np4 | G125: 0.98 | H125: 0.98 | I125: 0 | J125: 492 | K125: ND | L125: ND | M125: 0.018 | N125: Pass | O125: Pass
A126: =D126&"-"&B126 -> V1-MC1-45856 | B126: 45856 | C126: Vijaya1 | D126: V1-MC1 | E126: SYAQUA | F126: Np4 | G126: 0.98 | H126: 0.98 | I126: 0 | J126: 496 | K126: ND | L126: ND | M126: 0.019 | N126: Pass | O126: Pass
A127: =D127&"-"&B127 -> V1-MC1-45857 | B127: 45857 | C127: Vijaya1 | D127: V1-MC1 | E127: SYAQUA | F127: Np4 | G127: 0.98 | H127: 0.98 | I127: 0 | J127: 494 | K127: ND | L127: ND | M127: 0.0183 | N127: Pass | O127: Pass
A128: =D128&"-"&B128 -> V1-MA1-45865 | B128: 45865 | C128: Vijaya1 | D128: V1-MA1 | E128: SIS | F128: Np4 | G128: 0.98 | H128: 0.98 | I128: 0 | J128: 496 | K128: ND | L128: ND | M128: 0.0169 | N128: Pass | O128: Pass
... A172: =D172&"-"&B172 -> V1-MC1-45908 | B172: 45908 | C172: Vijaya1 | D172: V1-MC1 | E172: SYAQUA | F172: Np4 | G172: 0.98 | H172: 0.98 | I172: 0 | J172: 498 | K172: ND | L172: ND | M172: 0.0176 | N172: Pass | O172: Pass
A173: =D173&"-"&B174 -> V1-MB1-46026 | B173: 46025 | C173: Vijaya1 | D173: V1-MB1 | E173: SIS | F173: Np4 | G173: 0.9 | H173: 0.9 | I173: 0 | J173: 490 | K173: ND | L173: ND | M173: 0.0152 | N173: Pass | O173: Pass
A174: =D174&"-"&#REF! -> #REF! | B174: 46026 | C174: Vijaya1 | D174: V1-MB1 | E174: SIS | F174: Np4 | G174: 0.9 | H174: 0.9 | I174: 0 | J174: 486 | K174: ND | L174: ND | M174: 0.0168 | N174: Pass | O174: Pass
A175: =D175&"-"&B175 -> V1-MB1-46027 | B175: 46027 | C175: Vijaya1 | D175: V1-MB1 | E175: SIS | F175: Np4 | G175: 0.9 | H175: 0.9 | I175: 0 | J175: 482 | K175: ND | L175: ND | M175: 0.016 | N175: Pass | O175: Pass
A176: =D176&"-"&B176 -> V1-MB1-46028 | B176: 46028 | C176: Vijaya1 | D176: V1-MB1 | E176: SIS | F176: Np4 | G176: 0.9 | H176: 0.9 | I176: 0.01 | J176: 484 | K176: ND | L176: ND | M176: 0.0163 | N176: Pass | O176: Pass
A177: =D177&"-"&B177 -> V1-MA1-46033 | B177: 46033 | C177: Vijaya1 | D177: V1-MA1 | E177: SIS | F177: Np4 | G177: 0.9 | H177: 0.9 | I177: 0 | J177: 480 | K177: ND | L177: ND | M177: 0.0159 | N177: Pass | O177: Pass
A178: =D178&"-"&B178 -> V1-MB1-46033 | B178: 46033 | C178: Vijaya1 | D178: V1-MB1 | E178: SIS | F178: Np4 | G178: 0.9 | H178: 0.9 | I178: 0.01 | J178: 483 | K178: ND | L178: ND | M178: 0.0165 | N178: Pass | O178: Pass
A179: =D179&"-"&B179 -> V1-MA1-46034 | B179: 46034 | C179: Vijaya1 | D179: V1-MA1 | E179: SIS | F179: Np4 | G179: 0.9 | H179: 0.9 | I179: 0 | J179: 478 | K179: ND | L179: ND | M179: 0.0168 | N179: Pass | O179: Pass
A180: =D180&"-"&B180 -> V1-MB1-46034 | B180: 46034 | C180: Vijaya1 | D180: V1-MB1 | E180: SIS | F180: Np4 | G180: 0.9 | H180: 0.9 | I180: 0 | J180: 482 | K180: ND | L180: ND | M180: 0.0172 | N180: Pass | O180: Pass
A181: =D181&"-"&B181 -> V1-MA1-46035 | B181: 46035 | C181: Vijaya1 | D181: V1-MA1 | E181: SIS | F181: Np4 | G181: 0.9 | H181: 0.9 | I181: 0 | J181: 470 | K181: ND | L181: ND | M181: 0.0163 | N181: Pass | O181: Pass
A182: =D182&"-"&B182 -> V1-MB1-46035 | B182: 46035 | C182: Vijaya1 | D182: V1-MB1 | E182: SIS | F182: Np4 | G182: 0.9 | H182: 0.9 | I182: 0 | J182: 474 | K182: ND | L182: ND | M182: 0.0159 | N182: Pass | O182: Pass
A183: =D183&"-"&B183 -> V1-MA1-46036 | B183: 46036 | C183: Vijaya1 | D183: V1-MA1 | E183: SIS | F183: Np4 | G183: 0.9 | H183: 0.9 | I183: 0 | J183: 478 | K183: ND | L183: ND | M183: 0.0168 | N183: Pass | O183: Pass
A184: =D184&"-"&B184 -> V1-MB1-46036 | B184: 46036 | C184: Vijaya1 | D184: V1-MB1 | E184: SIS | F184: Np4 | G184: 0.9 | H184: 0.9 | I184: 0 | J184: 480 | K184: ND | L184: ND | M184: 0.0149 | N184: Pass | O184: Pass
A185: =D185&"-"&B185 -> V1-MA1-46039 | B185: 46039 | C185: Vijaya1 | D185: V1-MA1 | E185: SIS | F185: Np4 | G185: 0.9 | H185: 0.9 | I185: 0 | J185: 470 | K185: ND | L185: ND | M185: 0.0161 | N185: Pass | O185: Pass
A186: =D186&"-"&B186 -> V1-MB1-46039 | B186: 46039 | C186: Vijaya1 | D186: V1-MB1 | E186: SIS | F186: Np4 | G186: 0.9 | H186: 0.9 | I186: 0 | J186: 472 | K186: ND | L186: ND | M186: 0.0158 | N186: Pass | O186: Pass
... A222: =D222&"-"&B222 -> V1-MB1-46079 | B222: 46079 | C222: Vijaya1 | D222: V1-MB1 | E222: SIS | F222: Np4 | G222: 0.9 | H222: 0.9 | I222: 0 | J222: 462 | K222: ND | L222: ND | M222: 0.0173 | N222: Pass | O222: Pass
B223: 46084 | C223: Vijaya1 | D223: V1-MA1 | E223: SIS | F223: Np4 | G223: 0.9 | H223: 0.9 | I223: 0.02 | J223: 473 | K223: ND | L223: ND | M223: 0.0184 | N223: Pass | O223: Pass
...

Sheet Np PL4 Stock
A1: Tank #Crop | B1: Count Tank #Crop | C1: Hatchery | D1: Management Date | E1: Np / PL4 Stocking Date | F1: DoC at Stocking | G1: Crop | H1: Unit | I1: Tank No. | J1: Np Stage | K1: Maturation | L1: MAT Unit | M1: Brooder Source | N1: No.Np/PL4 Transfer (Mil) | O1: %FER | P1: %HAT | Q1: %Deformity | R1: Size(µm) | S1: Remark | T1: Np Code | U1: B Source | V1: Actual Np (mill.) | W1: Closed Date | X1: Month | Y1: Year
A2: =IF(ISBLANK(H2),"",H2&"-"&IF(OR(LEN(I2)=1,LEN(I2)=4),"0"&I2,I2)&"-"&IF(LEN(G2)=1,"0"&G2,G2)) -> C1-01-01 | B2: =IF(AND(A2<>A1,A2<>""),COUNTIF(A:A,A2),"") -> 1 | C2: Vijaya2 | D2: 45683 | E2: =IF(ISBLANK(D2),"",D2-F2) -> 45683 | F2: 0 | G2: 1 | H2: C1 | I2: 1 | J2: Np4 | K2: Pondy1 | L2: PD-MA1 | M2: Konabay | N2: 1 | O2: =IF(ISBLANK(L2),"",IF(OR(ISBLANK(VLOOKUP(L2&"-"&E2,'Np Quality'!A:M,6,FALSE)),ISERROR(VLOOKUP(L2&"-"&E2,'Np Quality'!A:M,6,FALSE))),"-",VLOOKUP(L2&"-"&E2,'Np Quality'!A:M,6,FALSE))) -> NP3 | P2: =IF(ISBLANK(L2),"",IF(OR(ISBLANK(VLOOKUP(L2&"-"&E2,'Np Quality'!A:M,7,FALSE)),ISERROR(VLOOKUP(L2&"-"&E2,'Np Quality'!A:M,7,FALSE))),"-",VLOOKUP(L2&"-"&E2,'Np Quality'!A:M,7,FALSE))) -> - | Q2: =IF(ISBLANK(L2),"",IF(OR(ISBLANK(VLOOKUP(L2&"-"&E2,'Np Quality'!A:M,8,FALSE)),ISERROR(VLOOKUP(L2&"-"&E2,'Np Quality'!A:M,8,FALSE))),"-",VLOOKUP(L2&"-"&E2,'Np Quality'!A:M,8,FALSE))) -> - | R2: =IF(ISBLANK(L2),"",IF(OR(ISBLANK(VLOOKUP(L2&"-"&E2,'Np Quality'!A:M,9,FALSE)),ISERROR(VLOOKUP(L2&"-"&E2,'Np Quality'!A:M,9,FALSE))),"-",VLOOKUP(L2&"-"&E2,'Np Quality'!A:M,9,FALSE))) -> 0.01 | T2: =IF(ISNUMBER(B2),CHOOSE(B2,L2,L2&","&L3,L2&","&L3&","&L4,L2&","&L3&","&L4&","&L5),"") -> PD-MA1 | U2: =IF(ISNUMBER(B2),CHOOSE(B2,M2,M2&","&M3,M2&","&M3&","&M4,M2&","&M3&","&M4&","&M5),"") -> Konabay | W2: 45697 | X2: =MONTH(W2) -> 2 | Y2: =YEAR(W2) -> 2025
A3: =IF(ISBLANK(H3),"",H3&"-"&IF(OR(LEN(I3)=1,LEN(I3)=4),"0"&I3,I3)&"-"&IF(LEN(G3)=1,"0"&G3,G3)) -> C1-02-01 | B3: =IF(AND(A3<>A2,A3<>""),COUNTIF(A:A,A3),"") -> 1 | C3: Vijaya2 | D3: 45683 | E3: =IF(ISBLANK(D3),"",D3-F3) -> 45683 | F3: 0 | G3: 1 | H3: C1 | I3: 2 | J3: Np4 | K3: Pondy1 | L3: PD-MA1 | M3: Konabay | N3: 1 | O3: =IF(ISBLANK(L3),"",IF(OR(ISBLANK(VLOOKUP(L3&"-"&E3,'Np Quality'!A:M,6,FALSE)),ISERROR(VLOOKUP(L3&"-"&E3,'Np Quality'!A:M,6,FALSE))),"-",VLOOKUP(L3&"-"&E3,'Np Quality'!A:M,6,FALSE))) -> NP3 | P3: =IF(ISBLANK(L3),"",IF(OR(ISBLANK(VLOOKUP(L3&"-"&E3,'Np Quality'!A:M,7,FALSE)),ISERROR(VLOOKUP(L3&"-"&E3,'Np Quality'!A:M,7,FALSE))),"-",VLOOKUP(L3&"-"&E3,'Np Quality'!A:M,7,FALSE))) -> - | Q3: =IF(ISBLANK(L3),"",IF(OR(ISBLANK(VLOOKUP(L3&"-"&E3,'Np Quality'!A:M,8,FALSE)),ISERROR(VLOOKUP(L3&"-"&E3,'Np Quality'!A:M,8,FALSE))),"-",VLOOKUP(L3&"-"&E3,'Np Quality'!A:M,8,FALSE))) -> - | R3: =IF(ISBLANK(L3),"",IF(OR(ISBLANK(VLOOKUP(L3&"-"&E3,'Np Quality'!A:M,9,FALSE)),ISERROR(VLOOKUP(L3&"-"&E3,'Np Quality'!A:M,9,FALSE))),"-",VLOOKUP(L3&"-"&E3,'Np Quality'!A:M,9,FALSE))) -> 0.01 | T3: =IF(ISNUMBER(B3),CHOOSE(B3,L3,L3&","&L4,L3&","&L4&","&L5,L3&","&L4&","&L5&","&L6),"") -> PD-MA1 | U3: =IF(ISNUMBER(B3),CHOOSE(B3,M3,M3&","&M4,M3&","&M4&","&M5,M3&","&M4&","&M5&","&M6),"") -> Konabay | W3: 45697 | X3: =MONTH(W3) -> 2 | Y3: =YEAR(W3) -> 2025
A4: =IF(ISBLANK(H4),"",H4&"-"&IF(OR(LEN(I4)=1,LEN(I4)=4),"0"&I4,I4)&"-"&IF(LEN(G4)=1,"0"&G4,G4)) -> C1-03-01 | B4: =IF(AND(A4<>A3,A4<>""),COUNTIF(A:A,A4),"") -> 1 | C4: Vijaya2 | D4: 45683 | E4: =IF(ISBLANK(D4),"",D4-F4) -> 45683 | F4: 0 | G4: 1 | H4: C1 | I4: 3 | J4: Np4 | K4: Pondy1 | L4: PD-MA1 | M4: Konabay | N4: 1 | O4: =IF(ISBLANK(L4),"",IF(OR(ISBLANK(VLOOKUP(L4&"-"&E4,'Np Quality'!A:M,6,FALSE)),ISERROR(VLOOKUP(L4&"-"&E4,'Np Quality'!A:M,6,FALSE))),"-",VLOOKUP(L4&"-"&E4,'Np Quality'!A:M,6,FALSE))) -> NP3 | P4: =IF(ISBLANK(L4),"",IF(OR(ISBLANK(VLOOKUP(L4&"-"&E4,'Np Quality'!A:M,7,FALSE)),ISERROR(VLOOKUP(L4&"-"&E4,'Np Quality'!A:M,7,FALSE))),"-",VLOOKUP(L4&"-"&E4,'Np Quality'!A:M,7,FALSE))) -> - | Q4: =IF(ISBLANK(L4),"",IF(OR(ISBLANK(VLOOKUP(L4&"-"&E4,'Np Quality'!A:M,8,FALSE)),ISERROR(VLOOKUP(L4&"-"&E4,'Np Quality'!A:M,8,FALSE))),"-",VLOOKUP(L4&"-"&E4,'Np Quality'!A:M,8,FALSE))) -> - | R4: =IF(ISBLANK(L4),"",IF(OR(ISBLANK(VLOOKUP(L4&"-"&E4,'Np Quality'!A:M,9,FALSE)),ISERROR(VLOOKUP(L4&"-"&E4,'Np Quality'!A:M,9,FALSE))),"-",VLOOKUP(L4&"-"&E4,'Np Quality'!A:M,9,FALSE))) -> 0.01 | T4: =IF(ISNUMBER(B4),CHOOSE(B4,L4,L4&","&L5,L4&","&L5&","&L6,L4&","&L5&","&L6&","&L7),"") -> PD-MA1 | U4: =IF(ISNUMBER(B4),CHOOSE(B4,M4,M4&","&M5,M4&","&M5&","&M6,M4&","&M5&","&M6&","&#REF!),"") -> Konabay | W4: 45697 | X4: =MONTH(W4) -> 2 | Y4: =YEAR(W4) -> 2025
A5: =IF(ISBLANK(H5),"",H5&"-"&IF(OR(LEN(I5)=1,LEN(I5)=4),"0"&I5,I5)&"-"&IF(LEN(G5)=1,"0"&G5,G5)) -> C1-04-01 | B5: =IF(AND(A5<>A4,A5<>""),COUNTIF(A:A,A5),"") -> 1 | C5: Vijaya2 | D5: 45683 | E5: =IF(ISBLANK(D5),"",D5-F5) -> 45683 | F5: 0 | G5: 1 | H5: C1 | I5: 4 | J5: Np4 | K5: Pondy1 | L5: PD-MA1 | M5: Konabay | N5: 1 | O5: =IF(ISBLANK(L6),"",IF(OR(ISBLANK(VLOOKUP(L6&"-"&E6,'Np Quality'!A:M,6,FALSE)),ISERROR(VLOOKUP(L6&"-"&E6,'Np Quality'!A:M,6,FALSE))),"-",VLOOKUP(L6&"-"&E6,'Np Quality'!A:M,6,FALSE))) -> NP3 | P5: =IF(ISBLANK(L5),"",IF(OR(ISBLANK(VLOOKUP(L5&"-"&E5,'Np Quality'!A:M,7,FALSE)),ISERROR(VLOOKUP(L5&"-"&E5,'Np Quality'!A:M,7,FALSE))),"-",VLOOKUP(L5&"-"&E5,'Np Quality'!A:M,7,FALSE))) -> - | Q5: =IF(ISBLANK(L5),"",IF(OR(ISBLANK(VLOOKUP(L5&"-"&E5,'Np Quality'!A:M,8,FALSE)),ISERROR(VLOOKUP(L5&"-"&E5,'Np Quality'!A:M,8,FALSE))),"-",VLOOKUP(L5&"-"&E5,'Np Quality'!A:M,8,FALSE))) -> - | R5: =IF(ISBLANK(L5),"",IF(OR(ISBLANK(VLOOKUP(L5&"-"&E5,'Np Quality'!A:M,9,FALSE)),ISERROR(VLOOKUP(L5&"-"&E5,'Np Quality'!A:M,9,FALSE))),"-",VLOOKUP(L5&"-"&E5,'Np Quality'!A:M,9,FALSE))) -> 0.01 | T5: =IF(ISNUMBER(B5),CHOOSE(B5,L5,L5&","&L6,L5&","&L6&","&L7,L5&","&L6&","&L7&","&L8),"") -> PD-MA1 | U5: =IF(ISNUMBER(B5),CHOOSE(B5,M5,M5&","&M6,M5&","&M6&","&#REF!,M5&","&M6&","&#REF!&","&M7),"") -> Konabay | W5: 45696 | X5: =MONTH(W5) -> 2 | Y5: =YEAR(W5) -> 2025
A6: =IF(ISBLANK(H6),"",H6&"-"&IF(OR(LEN(I6)=1,LEN(I6)=4),"0"&I6,I6)&"-"&IF(LEN(G6)=1,"0"&G6,G6)) -> C1-05-01 | B6: =IF(AND(A6<>A5,A6<>""),COUNTIF(A:A,A6),"") -> 1 | C6: Vijaya2 | D6: 45684 | E6: =IF(ISBLANK(D6),"",D6-F6) -> 45684 | F6: 0 | G6: 1 | H6: C1 | I6: 5 | J6: Np4 | K6: Pondy1 | L6: PD-MA1 | M6: Konabay | N6: 1 | O6: =IF(ISBLANK(L6),"",IF(OR(ISBLANK(VLOOKUP(L6&"-"&E6,'Np Quality'!A:M,6,FALSE)),ISERROR(VLOOKUP(L6&"-"&E6,'Np Quality'!A:M,6,FALSE))),"-",VLOOKUP(L6&"-"&E6,'Np Quality'!A:M,6,FALSE))) -> NP3 | P6: =IF(ISBLANK(L7),"",IF(OR(ISBLANK(VLOOKUP(L7&"-"&E7,'Np Quality'!A:M,7,FALSE)),ISERROR(VLOOKUP(L7&"-"&E7,'Np Quality'!A:M,7,FALSE))),"-",VLOOKUP(L7&"-"&E7,'Np Quality'!A:M,7,FALSE))) -> - | Q6: =IF(ISBLANK(L6),"",IF(OR(ISBLANK(VLOOKUP(L6&"-"&E6,'Np Quality'!A:M,8,FALSE)),ISERROR(VLOOKUP(L6&"-"&E6,'Np Quality'!A:M,8,FALSE))),"-",VLOOKUP(L6&"-"&E6,'Np Quality'!A:M,8,FALSE))) -> - | R6: =IF(ISBLANK(L6),"",IF(OR(ISBLANK(VLOOKUP(L6&"-"&E6,'Np Quality'!A:M,9,FALSE)),ISERROR(VLOOKUP(L6&"-"&E6,'Np Quality'!A:M,9,FALSE))),"-",VLOOKUP(L6&"-"&E6,'Np Quality'!A:M,9,FALSE))) -> 0.02 | T6: =IF(ISNUMBER(B6),CHOOSE(B6,L6,L6&","&L7,L6&","&L7&","&L8,L6&","&L7&","&L8&","&L9),"") -> PD-MA1 | U6: =IF(ISNUMBER(B6),CHOOSE(B6,M5,M5&","&M7,M5&","&M7&","&M8,M5&","&M7&","&M8&","&M9),"") -> Konabay | W6: 45697 | X6: =MONTH(W6) -> 2 | Y6: =YEAR(W6) -> 2025
A7: =IF(ISBLANK(H7),"",H7&"-"&IF(OR(LEN(I7)=1,LEN(I7)=4),"0"&I7,I7)&"-"&IF(LEN(G7)=1,"0"&G7,G7)) -> C1-06-01 | B7: =IF(AND(A7<>A6,A7<>""),COUNTIF(A:A,A7),"") -> 1 | C7: Vijaya2 | D7: 45684 | E7: =IF(ISBLANK(D7),"",D7-F7) -> 45684 | F7: 0 | G7: 1 | H7: C1 | I7: 6 | J7: Np4 | K7: Pondy1 | L7: PD-MA1 | M7: Konabay | N7: 1 | O7: =IF(ISBLANK(L7),"",IF(OR(ISBLANK(VLOOKUP(L7&"-"&E7,'Np Quality'!A:M,6,FALSE)),ISERROR(VLOOKUP(L7&"-"&E7,'Np Quality'!A:M,6,FALSE))),"-",VLOOKUP(L7&"-"&E7,'Np Quality'!A:M,6,FALSE))) -> NP3 | P7: =IF(ISBLANK(L7),"",IF(OR(ISBLANK(VLOOKUP(L7&"-"&E7,'Np Quality'!A:M,7,FALSE)),ISERROR(VLOOKUP(L7&"-"&E7,'Np Quality'!A:M,7,FALSE))),"-",VLOOKUP(L7&"-"&E7,'Np Quality'!A:M,7,FALSE))) -> - | Q7: =IF(ISBLANK(L8),"",IF(OR(ISBLANK(VLOOKUP(L8&"-"&E8,'Np Quality'!A:M,8,FALSE)),ISERROR(VLOOKUP(L8&"-"&E8,'Np Quality'!A:M,8,FALSE))),"-",VLOOKUP(L8&"-"&E8,'Np Quality'!A:M,8,FALSE))) -> - | R7: =IF(ISBLANK(L7),"",IF(OR(ISBLANK(VLOOKUP(L7&"-"&E7,'Np Quality'!A:M,9,FALSE)),ISERROR(VLOOKUP(L7&"-"&E7,'Np Quality'!A:M,9,FALSE))),"-",VLOOKUP(L7&"-"&E7,'Np Quality'!A:M,9,FALSE))) -> 0.02 | T7: =IF(ISNUMBER(B7),CHOOSE(B7,L7,L7&","&L8,L7&","&L8&","&L9,L7&","&L8&","&L9&","&L10),"") -> PD-MA1 | U7: =IF(ISNUMBER(B7),CHOOSE(B7,M6,M6&","&M8,M6&","&M8&","&M9,M6&","&M8&","&M9&","&M10),"") -> Konabay | W7: 45695 | X7: =MONTH(W7) -> 2 | Y7: =YEAR(W7) -> 2025
A8: =IF(ISBLANK(H8),"",H8&"-"&IF(OR(LEN(I8)=1,LEN(I8)=4),"0"&I8,I8)&"-"&IF(LEN(G8)=1,"0"&G8,G8)) -> C1-07-01 | B8: =IF(AND(A8<>A7,A8<>""),COUNTIF(A:A,A8),"") -> 1 | C8: Vijaya2 | D8: 45684 | E8: =IF(ISBLANK(D8),"",D8-F8) -> 45684 | F8: 0 | G8: 1 | H8: C1 | I8: 7 | J8: Np4 | K8: Pondy1 | L8: PD-MA1 | M8: Konabay | N8: 1 | O8: =IF(ISBLANK(L8),"",IF(OR(ISBLANK(VLOOKUP(L8&"-"&E8,'Np Quality'!A:M,6,FALSE)),ISERROR(VLOOKUP(L8&"-"&E8,'Np Quality'!A:M,6,FALSE))),"-",VLOOKUP(L8&"-"&E8,'Np Quality'!A:M,6,FALSE))) -> NP3 | P8: =IF(ISBLANK(L8),"",IF(OR(ISBLANK(VLOOKUP(L8&"-"&E8,'Np Quality'!A:M,7,FALSE)),ISERROR(VLOOKUP(L8&"-"&E8,'Np Quality'!A:M,7,FALSE))),"-",VLOOKUP(L8&"-"&E8,'Np Quality'!A:M,7,FALSE))) -> - | Q8: =IF(ISBLANK(L8),"",IF(OR(ISBLANK(VLOOKUP(L8&"-"&E8,'Np Quality'!A:M,8,FALSE)),ISERROR(VLOOKUP(L8&"-"&E8,'Np Quality'!A:M,8,FALSE))),"-",VLOOKUP(L8&"-"&E8,'Np Quality'!A:M,8,FALSE))) -> - | R8: =IF(ISBLANK(L9),"",IF(OR(ISBLANK(VLOOKUP(L9&"-"&E9,'Np Quality'!A:M,9,FALSE)),ISERROR(VLOOKUP(L9&"-"&E9,'Np Quality'!A:M,9,FALSE))),"-",VLOOKUP(L9&"-"&E9,'Np Quality'!A:M,9,FALSE))) -> 0.02 | T8: =IF(ISNUMBER(B8),CHOOSE(B8,L8,L8&","&L9,L8&","&L9&","&L10,L8&","&L9&","&L10&","&L11),"") -> PD-MA1 | U8: =IF(ISNUMBER(B8),CHOOSE(B8,M7,M7&","&M9,M7&","&M9&","&M10,M7&","&M9&","&M10&","&M11),"") -> Konabay | W8: 45695 | X8: =MONTH(W8) -> 2 | Y8: =YEAR(W8) -> 2025
A9: =IF(ISBLANK(H9),"",H9&"-"&IF(OR(LEN(I9)=1,LEN(I9)=4),"0"&I9,I9)&"-"&IF(LEN(G9)=1,"0"&G9,G9)) -> C1-08-01 | B9: =IF(AND(A9<>A8,A9<>""),COUNTIF(A:A,A9),"") -> 1 | C9: Vijaya2 | D9: 45684 | E9: =IF(ISBLANK(D9),"",D9-F9) -> 45684 | F9: 0 | G9: 1 | H9: C1 | I9: 8 | J9: Np4 | K9: Pondy1 | L9: PD-MA1 | M9: Konabay | N9: 1 | O9: =IF(ISBLANK(L9),"",IF(OR(ISBLANK(VLOOKUP(L9&"-"&E9,'Np Quality'!A:M,6,FALSE)),ISERROR(VLOOKUP(L9&"-"&E9,'Np Quality'!A:M,6,FALSE))),"-",VLOOKUP(L9&"-"&E9,'Np Quality'!A:M,6,FALSE))) -> NP3 | P9: =IF(ISBLANK(L9),"",IF(OR(ISBLANK(VLOOKUP(L9&"-"&E9,'Np Quality'!A:M,7,FALSE)),ISERROR(VLOOKUP(L9&"-"&E9,'Np Quality'!A:M,7,FALSE))),"-",VLOOKUP(L9&"-"&E9,'Np Quality'!A:M,7,FALSE))) -> - | Q9: =IF(ISBLANK(L9),"",IF(OR(ISBLANK(VLOOKUP(L9&"-"&E9,'Np Quality'!A:M,8,FALSE)),ISERROR(VLOOKUP(L9&"-"&E9,'Np Quality'!A:M,8,FALSE))),"-",VLOOKUP(L9&"-"&E9,'Np Quality'!A:M,8,FALSE))) -> - | R9: =IF(ISBLANK(L9),"",IF(OR(ISBLANK(VLOOKUP(L9&"-"&E9,'Np Quality'!A:M,9,FALSE)),ISERROR(VLOOKUP(L9&"-"&E9,'Np Quality'!A:M,9,FALSE))),"-",VLOOKUP(L9&"-"&E9,'Np Quality'!A:M,9,FALSE))) -> 0.02 | T9: =IF(ISNUMBER(B9),CHOOSE(B9,L9,L9&","&L10,L9&","&L10&","&L11,L9&","&L10&","&L11&","&L12),"") -> PD-MA1 | U9: =IF(ISNUMBER(B9),CHOOSE(B9,M9,M9&","&M10,M9&","&M10&","&M11,M9&","&M10&","&M11&","&M12),"") -> Konabay | W9: 45695 | X9: =MONTH(W9) -> 2 | Y9: =YEAR(W9) -> 2025
A10: =IF(ISBLANK(H10),"",H10&"-"&IF(OR(LEN(I10)=1,LEN(I10)=4),"0"&I10,I10)&"-"&IF(LEN(G10)=1,"0"&G10,G10)) -> D1-01-01 | B10: =IF(AND(A10<>A9,A10<>""),COUNTIF(A:A,A10),"") -> 1 | C10: Vijaya2 | D10: 45684 | E10: =IF(ISBLANK(D10),"",D10-F10) -> 45684 | F10: 0 | G10: 1 | H10: D1 | I10: 1 | J10: Np4 | K10: Pondy1 | L10: PD-MC1 | M10: Konabay | N10: 1 | O10: =IF(ISBLANK(L10),"",IF(OR(ISBLANK(VLOOKUP(L10&"-"&E10,'Np Quality'!A:M,6,FALSE)),ISERROR(VLOOKUP(L10&"-"&E10,'Np Quality'!A:M,6,FALSE))),"-",VLOOKUP(L10&"-"&E10,'Np Quality'!A:M,6,FALSE))) -> NP3 | P10: =IF(ISBLANK(L10),"",IF(OR(ISBLANK(VLOOKUP(L10&"-"&E10,'Np Quality'!A:M,7,FALSE)),ISERROR(VLOOKUP(L10&"-"&E10,'Np Quality'!A:M,7,FALSE))),"-",VLOOKUP(L10&"-"&E10,'Np Quality'!A:M,7,FALSE))) -> - | Q10: =IF(ISBLANK(L10),"",IF(OR(ISBLANK(VLOOKUP(L10&"-"&E10,'Np Quality'!A:M,8,FALSE)),ISERROR(VLOOKUP(L10&"-"&E10,'Np Quality'!A:M,8,FALSE))),"-",VLOOKUP(L10&"-"&E10,'Np Quality'!A:M,8,FALSE))) -> - | R10: =IF(ISBLANK(L10),"",IF(OR(ISBLANK(VLOOKUP(L10&"-"&E10,'Np Quality'!A:M,9,FALSE)),ISERROR(VLOOKUP(L10&"-"&E10,'Np Quality'!A:M,9,FALSE))),"-",VLOOKUP(L10&"-"&E10,'Np Quality'!A:M,9,FALSE))) -> 0.02 | T10: =IF(ISNUMBER(B10),CHOOSE(B10,L10,L10&","&L11,L10&","&L11&","&L12,L10&","&L11&","&L12&","&L13),"") -> PD-MC1 | U10: =IF(ISNUMBER(B10),CHOOSE(B10,M10,M10&","&M11,M10&","&M11&","&M12,M10&","&M11&","&M12&","&M13),"") -> Konabay | W10: 45695 | X10: =MONTH(W10) -> 2 | Y10: =YEAR(W10) -> 2025
A11: =IF(ISBLANK(H11),"",H11&"-"&IF(OR(LEN(I11)=1,LEN(I11)=4),"0"&I11,I11)&"-"&IF(LEN(G11)=1,"0"&G11,G11)) -> D1-02-01 | B11: =IF(AND(A11<>A10,A11<>""),COUNTIF(A:A,A11),"") -> 1 | C11: Vijaya2 | D11: 45684 | E11: =IF(ISBLANK(D11),"",D11-F11) -> 45684 | F11: 0 | G11: 1 | H11: D1 | I11: 2 | J11: Np4 | K11: Vijaya1 | L11: V1-MD1 | M11: Konabay | N11: 1 | O11: =IF(ISBLANK(L11),"",IF(OR(ISBLANK(VLOOKUP(L11&"-"&E11,'Np Quality'!A:M,6,FALSE)),ISERROR(VLOOKUP(L11&"-"&E11,'Np Quality'!A:M,6,FALSE))),"-",VLOOKUP(L11&"-"&E11,'Np Quality'!A:M,6,FALSE))) -> Np4 | P11: =IF(ISBLANK(L11),"",IF(OR(ISBLANK(VLOOKUP(L11&"-"&E11,'Np Quality'!A:M,7,FALSE)),ISERROR(VLOOKUP(L11&"-"&E11,'Np Quality'!A:M,7,FALSE))),"-",VLOOKUP(L11&"-"&E11,'Np Quality'!A:M,7,FALSE))) -> 0.8 | Q11: =IF(ISBLANK(L11),"",IF(OR(ISBLANK(VLOOKUP(L11&"-"&E11,'Np Quality'!A:M,8,FALSE)),ISERROR(VLOOKUP(L11&"-"&E11,'Np Quality'!A:M,8,FALSE))),"-",VLOOKUP(L11&"-"&E11,'Np Quality'!A:M,8,FALSE))) -> 0.8 | R11: =IF(ISBLANK(L11),"",IF(OR(ISBLANK(VLOOKUP(L11&"-"&E11,'Np Quality'!A:M,9,FALSE)),ISERROR(VLOOKUP(L11&"-"&E11,'Np Quality'!A:M,9,FALSE))),"-",VLOOKUP(L11&"-"&E11,'Np Quality'!A:M,9,FALSE))) -> 0.01 | T11: =IF(ISNUMBER(B11),CHOOSE(B11,L11,L11&","&L12,L11&","&L12&","&L13,L11&","&L12&","&L13&","&L14),"") -> V1-MD1 | U11: =IF(ISNUMBER(B11),CHOOSE(B11,M11,M11&","&M12,M11&","&M12&","&M13,M11&","&M12&","&M13&","&M14),"") -> Konabay | W11: 45697 | X11: =MONTH(W11) -> 2 | Y11: =YEAR(W11) -> 2025
A12: =IF(ISBLANK(H12),"",H12&"-"&IF(OR(LEN(I12)=1,LEN(I12)=4),"0"&I12,I12)&"-"&IF(LEN(G12)=1,"0"&G12,G12)) -> D1-03-01 | B12: =IF(AND(A12<>A11,A12<>""),COUNTIF(A:A,A12),"") -> 1 | C12: Vijaya2 | D12: 45685 | E12: =IF(ISBLANK(D12),"",D12-F12) -> 45685 | F12: 0 | G12: 1 | H12: D1 | I12: 3 | J12: Np4 | K12: Vijaya1 | L12: V1-MD1 | M12: Konabay | N12: 1 | O12: =IF(ISBLANK(L12),"",IF(OR(ISBLANK(VLOOKUP(L12&"-"&E12,'Np Quality'!A:M,6,FALSE)),ISERROR(VLOOKUP(L12&"-"&E12,'Np Quality'!A:M,6,FALSE))),"-",VLOOKUP(L12&"-"&E12,'Np Quality'!A:M,6,FALSE))) -> Np4 | P12: =IF(ISBLANK(L12),"",IF(OR(ISBLANK(VLOOKUP(L12&"-"&E12,'Np Quality'!A:M,7,FALSE)),ISERROR(VLOOKUP(L12&"-"&E12,'Np Quality'!A:M,7,FALSE))),"-",VLOOKUP(L12&"-"&E12,'Np Quality'!A:M,7,FALSE))) -> 0.9 | Q12: =IF(ISBLANK(L12),"",IF(OR(ISBLANK(VLOOKUP(L12&"-"&E12,'Np Quality'!A:M,8,FALSE)),ISERROR(VLOOKUP(L12&"-"&E12,'Np Quality'!A:M,8,FALSE))),"-",VLOOKUP(L12&"-"&E12,'Np Quality'!A:M,8,FALSE))) -> 0.9 | R12: =IF(ISBLANK(L12),"",IF(OR(ISBLANK(VLOOKUP(L12&"-"&E12,'Np Quality'!A:M,9,FALSE)),ISERROR(VLOOKUP(L12&"-"&E12,'Np Quality'!A:M,9,FALSE))),"-",VLOOKUP(L12&"-"&E12,'Np Quality'!A:M,9,FALSE))) -> 0 | T12: =IF(ISNUMBER(B12),CHOOSE(B12,L12,L12&","&L13,L12&","&L13&","&L14,L12&","&L13&","&L14&","&L15),"") -> V1-MD1 | U12: =IF(ISNUMBER(B12),CHOOSE(B12,M12,M12&","&M13,M12&","&M13&","&M14,M12&","&M13&","&M14&","&M15),"") -> Konabay | W12: 45697 | X12: =MONTH(W12) -> 2 | Y12: =YEAR(W12) -> 2025
A13: =IF(ISBLANK(H13),"",H13&"-"&IF(OR(LEN(I13)=1,LEN(I13)=4),"0"&I13,I13)&"-"&IF(LEN(G13)=1,"0"&G13,G13)) -> D1-04-01 | B13: =IF(AND(A13<>A12,A13<>""),COUNTIF(A:A,A13),"") -> 1 | C13: Vijaya2 | D13: 45685 | E13: =IF(ISBLANK(D13),"",D13-F13) -> 45685 | F13: 0 | G13: 1 | H13: D1 | I13: 4 | J13: Np4 | K13: Vijaya1 | L13: V1-MD1 | M13: Konabay | N13: 1 | O13: =IF(ISBLANK(L13),"",IF(OR(ISBLANK(VLOOKUP(L13&"-"&E13,'Np Quality'!A:M,6,FALSE)),ISERROR(VLOOKUP(L13&"-"&E13,'Np Quality'!A:M,6,FALSE))),"-",VLOOKUP(L13&"-"&E13,'Np Quality'!A:M,6,FALSE))) -> Np4 | P13: =IF(ISBLANK(L13),"",IF(OR(ISBLANK(VLOOKUP(L13&"-"&E13,'Np Quality'!A:M,7,FALSE)),ISERROR(VLOOKUP(L13&"-"&E13,'Np Quality'!A:M,7,FALSE))),"-",VLOOKUP(L13&"-"&E13,'Np Quality'!A:M,7,FALSE))) -> 0.9 | Q13: =IF(ISBLANK(L13),"",IF(OR(ISBLANK(VLOOKUP(L13&"-"&E13,'Np Quality'!A:M,8,FALSE)),ISERROR(VLOOKUP(L13&"-"&E13,'Np Quality'!A:M,8,FALSE))),"-",VLOOKUP(L13&"-"&E13,'Np Quality'!A:M,8,FALSE))) -> 0.9 | R13: =IF(ISBLANK(L13),"",IF(OR(ISBLANK(VLOOKUP(L13&"-"&E13,'Np Quality'!A:M,9,FALSE)),ISERROR(VLOOKUP(L13&"-"&E13,'Np Quality'!A:M,9,FALSE))),"-",VLOOKUP(L13&"-"&E13,'Np Quality'!A:M,9,FALSE))) -> 0 | T13: =IF(ISNUMBER(B13),CHOOSE(B13,L13,L13&","&L14,L13&","&L14&","&L15,L13&","&L14&","&L15&","&L16),"") -> V1-MD1 | U13: =IF(ISNUMBER(B13),CHOOSE(B13,M13,M13&","&M14,M13&","&M14&","&M15,M13&","&M14&","&M15&","&M16),"") -> Konabay | W13: 45698 | X13: =MONTH(W13) -> 2 | Y13: =YEAR(W13) -> 2025
A14: =IF(ISBLANK(H14),"",H14&"-"&IF(OR(LEN(I14)=1,LEN(I14)=4),"0"&I14,I14)&"-"&IF(LEN(G14)=1,"0"&G14,G14)) -> D1-05-01 | B14: =IF(AND(A14<>A13,A14<>""),COUNTIF(A:A,A14),"") -> 1 | C14: Vijaya2 | D14: 45686 | E14: =IF(ISBLANK(D14),"",D14-F14) -> 45686 | F14: 0 | G14: 1 | H14: D1 | I14: 5 | J14: Np4 | K14: Vijaya1 | L14: V1-MD1 | M14: Konabay | N14: 2 | O14: =IF(ISBLANK(L14),"",IF(OR(ISBLANK(VLOOKUP(L14&"-"&E14,'Np Quality'!A:M,6,FALSE)),ISERROR(VLOOKUP(L14&"-"&E14,'Np Quality'!A:M,6,FALSE))),"-",VLOOKUP(L14&"-"&E14,'Np Quality'!A:M,6,FALSE))) -> Np4 | P14: =IF(ISBLANK(L14),"",IF(OR(ISBLANK(VLOOKUP(L14&"-"&E14,'Np Quality'!A:M,7,FALSE)),ISERROR(VLOOKUP(L14&"-"&E14,'Np Quality'!A:M,7,FALSE))),"-",VLOOKUP(L14&"-"&E14,'Np Quality'!A:M,7,FALSE))) -> 0.9 | Q14: =IF(ISBLANK(L14),"",IF(OR(ISBLANK(VLOOKUP(L14&"-"&E14,'Np Quality'!A:M,8,FALSE)),ISERROR(VLOOKUP(L14&"-"&E14,'Np Quality'!A:M,8,FALSE))),"-",VLOOKUP(L14&"-"&E14,'Np Quality'!A:M,8,FALSE))) -> 0.9 | R14: =IF(ISBLANK(L14),"",IF(OR(ISBLANK(VLOOKUP(L14&"-"&E14,'Np Quality'!A:M,9,FALSE)),ISERROR(VLOOKUP(L14&"-"&E14,'Np Quality'!A:M,9,FALSE))),"-",VLOOKUP(L14&"-"&E14,'Np Quality'!A:M,9,FALSE))) -> 0.01 | T14: =IF(ISNUMBER(B14),CHOOSE(B14,L14,L14&","&L15,L14&","&L15&","&L16,L14&","&L15&","&L16&","&L17),"") -> V1-MD1 | U14: =IF(ISNUMBER(B14),CHOOSE(B14,M14,M14&","&M15,M14&","&M15&","&M16,M14&","&M15&","&M16&","&M17),"") -> Konabay | W14: 45699 | X14: =MONTH(W14) -> 2 | Y14: =YEAR(W14) -> 2025
A15: =IF(ISBLANK(H15),"",H15&"-"&IF(OR(LEN(I15)=1,LEN(I15)=4),"0"&I15,I15)&"-"&IF(LEN(G15)=1,"0"&G15,G15)) -> D1-06-01 | B15: =IF(AND(A15<>A14,A15<>""),COUNTIF(A:A,A15),"") -> 1 | C15: Vijaya2 | D15: 45687 | E15: =IF(ISBLANK(D15),"",D15-F15) -> 45687 | F15: 0 | G15: 1 | H15: D1 | I15: 6 | J15: Np4 | K15: Pondy1 | L15: PD-MA1 | M15: Konabay | N15: 2 | O15: =IF(ISBLANK(L16),"",IF(OR(ISBLANK(VLOOKUP(L16&"-"&E16,'Np Quality'!A:M,6,FALSE)),ISERROR(VLOOKUP(L16&"-"&E16,'Np Quality'!A:M,6,FALSE))),"-",VLOOKUP(L16&"-"&E16,'Np Quality'!A:M,6,FALSE))) -> NP3 | P15: =IF(ISBLANK(L15),"",IF(OR(ISBLANK(VLOOKUP(L15&"-"&E15,'Np Quality'!A:M,7,FALSE)),ISERROR(VLOOKUP(L15&"-"&E15,'Np Quality'!A:M,7,FALSE))),"-",VLOOKUP(L15&"-"&E15,'Np Quality'!A:M,7,FALSE))) -> - | Q15: =IF(ISBLANK(L15),"",IF(OR(ISBLANK(VLOOKUP(L15&"-"&E15,'Np Quality'!A:M,8,FALSE)),ISERROR(VLOOKUP(L15&"-"&E15,'Np Quality'!A:M,8,FALSE))),"-",VLOOKUP(L15&"-"&E15,'Np Quality'!A:M,8,FALSE))) -> - | R15: =IF(ISBLANK(L15),"",IF(OR(ISBLANK(VLOOKUP(L15&"-"&E15,'Np Quality'!A:M,9,FALSE)),ISERROR(VLOOKUP(L15&"-"&E15,'Np Quality'!A:M,9,FALSE))),"-",VLOOKUP(L15&"-"&E15,'Np Quality'!A:M,9,FALSE))) -> 0.02 | T15: =IF(ISNUMBER(B15),CHOOSE(B15,L15,L15&","&L16,L15&","&L16&","&L17,L15&","&L16&","&L17&","&L18),"") -> PD-MA1 | U15: =IF(ISNUMBER(B15),CHOOSE(B15,M15,M15&","&M16,M15&","&M16&","&M17,M15&","&M16&","&M17&","&M18),"") -> Konabay | W15: 45699 | X15: =MONTH(W15) -> 2 | Y15: =YEAR(W15) -> 2025
A16: =IF(ISBLANK(H16),"",H16&"-"&IF(OR(LEN(I16)=1,LEN(I16)=4),"0"&I16,I16)&"-"&IF(LEN(G16)=1,"0"&G16,G16)) -> D1-07-01 | B16: =IF(AND(A16<>A15,A16<>""),COUNTIF(A:A,A16),"") -> 1 | C16: Vijaya2 | D16: 45687 | E16: =IF(ISBLANK(D16),"",D16-F16) -> 45687 | F16: 0 | G16: 1 | H16: D1 | I16: 7 | J16: Np4 | K16: Pondy1 | L16: PD-MA1 | M16: Konabay | N16: 2 | O16: =IF(ISBLANK(L16),"",IF(OR(ISBLANK(VLOOKUP(L16&"-"&E16,'Np Quality'!A:M,6,FALSE)),ISERROR(VLOOKUP(L16&"-"&E16,'Np Quality'!A:M,6,FALSE))),"-",VLOOKUP(L16&"-"&E16,'Np Quality'!A:M,6,FALSE))) -> NP3 | P16: =IF(ISBLANK(L17),"",IF(OR(ISBLANK(VLOOKUP(L17&"-"&E17,'Np Quality'!A:M,7,FALSE)),ISERROR(VLOOKUP(L17&"-"&E17,'Np Quality'!A:M,7,FALSE))),"-",VLOOKUP(L17&"-"&E17,'Np Quality'!A:M,7,FALSE))) -> - | Q16: =IF(ISBLANK(L16),"",IF(OR(ISBLANK(VLOOKUP(L16&"-"&E16,'Np Quality'!A:M,8,FALSE)),ISERROR(VLOOKUP(L16&"-"&E16,'Np Quality'!A:M,8,FALSE))),"-",VLOOKUP(L16&"-"&E16,'Np Quality'!A:M,8,FALSE))) -> - | R16: =IF(ISBLANK(L16),"",IF(OR(ISBLANK(VLOOKUP(L16&"-"&E16,'Np Quality'!A:M,9,FALSE)),ISERROR(VLOOKUP(L16&"-"&E16,'Np Quality'!A:M,9,FALSE))),"-",VLOOKUP(L16&"-"&E16,'Np Quality'!A:M,9,FALSE))) -> 0.02 | T16: =IF(ISNUMBER(B16),CHOOSE(B16,L16,L16&","&L17,L16&","&L17&","&L18,L16&","&L17&","&L18&","&L19),"") -> PD-MA1 | U16: =IF(ISNUMBER(B16),CHOOSE(B16,M16,M16&","&M17,M16&","&M17&","&M18,M16&","&M17&","&M18&","&M19),"") -> Konabay | W16: 45699 | X16: =MONTH(W16) -> 2 | Y16: =YEAR(W16) -> 2025
A17: =IF(ISBLANK(H17),"",H17&"-"&IF(OR(LEN(I17)=1,LEN(I17)=4),"0"&I17,I17)&"-"&IF(LEN(G17)=1,"0"&G17,G17)) -> D1-08-01 | B17: =IF(AND(A17<>A16,A17<>""),COUNTIF(A:A,A17),"") -> 1 | C17: Vijaya2 | D17: 45687 | E17: =IF(ISBLANK(D17),"",D17-F17) -> 45687 | F17: 0 | G17: 1 | H17: D1 | I17: 8 | J17: Np4 | K17: Pondy1 | L17: PD-MC1 | M17: Konabay | N17: 1 | O17: =IF(ISBLANK(L17),"",IF(OR(ISBLANK(VLOOKUP(L17&"-"&E17,'Np Quality'!A:M,6,FALSE)),ISERROR(VLOOKUP(L17&"-"&E17,'Np Quality'!A:M,6,FALSE))),"-",VLOOKUP(L17&"-"&E17,'Np Quality'!A:M,6,FALSE))) -> NP3 | P17: =IF(ISBLANK(L17),"",IF(OR(ISBLANK(VLOOKUP(L17&"-"&E17,'Np Quality'!A:M,7,FALSE)),ISERROR(VLOOKUP(L17&"-"&E17,'Np Quality'!A:M,7,FALSE))),"-",VLOOKUP(L17&"-"&E17,'Np Quality'!A:M,7,FALSE))) -> - | Q17: =IF(ISBLANK(L18),"",IF(OR(ISBLANK(VLOOKUP(L18&"-"&E18,'Np Quality'!A:M,8,FALSE)),ISERROR(VLOOKUP(L18&"-"&E18,'Np Quality'!A:M,8,FALSE))),"-",VLOOKUP(L18&"-"&E18,'Np Quality'!A:M,8,FALSE))) -> 0.8 | R17: =IF(ISBLANK(L17),"",IF(OR(ISBLANK(VLOOKUP(L17&"-"&E17,'Np Quality'!A:M,9,FALSE)),ISERROR(VLOOKUP(L17&"-"&E17,'Np Quality'!A:M,9,FALSE))),"-",VLOOKUP(L17&"-"&E17,'Np Quality'!A:M,9,FALSE))) -> 0.01 | T17: =IF(ISNUMBER(B17),CHOOSE(B17,L17,L17&","&L18,L17&","&L18&","&L19,L17&","&L18&","&L19&","&L20),"") -> PD-MC1 | U17: =IF(ISNUMBER(B17),CHOOSE(B17,M17,M17&","&M18,M17&","&M18&","&M19,M17&","&M18&","&M19&","&M20),"") -> Konabay | W17: 45700 | X17: =MONTH(W17) -> 2 | Y17: =YEAR(W17) -> 2025
A18: =IF(ISBLANK(H18),"",H18&"-"&IF(OR(LEN(I18)=1,LEN(I18)=4),"0"&I18,I18)&"-"&IF(LEN(G18)=1,"0"&G18,G18)) -> D1-09-01 | B18: =IF(AND(A18<>A17,A18<>""),COUNTIF(A:A,A18),"") -> 1 | C18: Vijaya2 | D18: 45687 | E18: =IF(ISBLANK(D18),"",D18-F18) -> 45687 | F18: 0 | G18: 1 | H18: D1 | I18: 9 | J18: Np4 | K18: Vijaya1 | L18: V1-MD1 | M18: Konabay | N18: 2 | O18: =IF(ISBLANK(L18),"",IF(OR(ISBLANK(VLOOKUP(L18&"-"&E18,'Np Quality'!A:M,6,FALSE)),ISERROR(VLOOKUP(L18&"-"&E18,'Np Quality'!A:M,6,FALSE))),"-",VLOOKUP(L18&"-"&E18,'Np Quality'!A:M,6,FALSE))) -> Np4 | P18: =IF(ISBLANK(L18),"",IF(OR(ISBLANK(VLOOKUP(L18&"-"&E18,'Np Quality'!A:M,7,FALSE)),ISERROR(VLOOKUP(L18&"-"&E18,'Np Quality'!A:M,7,FALSE))),"-",VLOOKUP(L18&"-"&E18,'Np Quality'!A:M,7,FALSE))) -> 0.8 | Q18: =IF(ISBLANK(L18),"",IF(OR(ISBLANK(VLOOKUP(L18&"-"&E18,'Np Quality'!A:M,8,FALSE)),ISERROR(VLOOKUP(L18&"-"&E18,'Np Quality'!A:M,8,FALSE))),"-",VLOOKUP(L18&"-"&E18,'Np Quality'!A:M,8,FALSE))) -> 0.8 | R18: =IF(ISBLANK(L19),"",IF(OR(ISBLANK(VLOOKUP(L19&"-"&E19,'Np Quality'!A:M,9,FALSE)),ISERROR(VLOOKUP(L19&"-"&E19,'Np Quality'!A:M,9,FALSE))),"-",VLOOKUP(L19&"-"&E19,'Np Quality'!A:M,9,FALSE))) -> 0 | T18: =IF(ISNUMBER(B18),CHOOSE(B18,L18,L18&","&L19,L18&","&L19&","&L20,L18&","&L19&","&L20&","&L21),"") -> V1-MD1 | U18: =IF(ISNUMBER(B18),CHOOSE(B18,M18,M18&","&M19,M18&","&M19&","&M20,M18&","&M19&","&M20&","&M21),"") -> Konabay | W18: 45700 | X18: =MONTH(W18) -> 2 | Y18: =YEAR(W18) -> 2025
A19: =IF(ISBLANK(H19),"",H19&"-"&IF(OR(LEN(I19)=1,LEN(I19)=4),"0"&I19,I19)&"-"&IF(LEN(G19)=1,"0"&G19,G19)) -> D1-10-01 | B19: =IF(AND(A19<>A18,A19<>""),COUNTIF(A:A,A19),"") -> 1 | C19: Vijaya2 | D19: 45688 | E19: =IF(ISBLANK(D19),"",D19-F19) -> 45688 | F19: 0 | G19: 1 | H19: D1 | I19: 10 | J19: Np4 | K19: Vijaya1 | L19: V1-MD1 | M19: Konabay | N19: 2 | O19: =IF(ISBLANK(L19),"",IF(OR(ISBLANK(VLOOKUP(L19&"-"&E19,'Np Quality'!A:M,6,FALSE)),ISERROR(VLOOKUP(L19&"-"&E19,'Np Quality'!A:M,6,FALSE))),"-",VLOOKUP(L19&"-"&E19,'Np Quality'!A:M,6,FALSE))) -> Np4 | P19: =IF(ISBLANK(L19),"",IF(OR(ISBLANK(VLOOKUP(L19&"-"&E19,'Np Quality'!A:M,7,FALSE)),ISERROR(VLOOKUP(L19&"-"&E19,'Np Quality'!A:M,7,FALSE))),"-",VLOOKUP(L19&"-"&E19,'Np Quality'!A:M,7,FALSE))) -> 0.9 | Q19: =IF(ISBLANK(L19),"",IF(OR(ISBLANK(VLOOKUP(L19&"-"&E19,'Np Quality'!A:M,8,FALSE)),ISERROR(VLOOKUP(L19&"-"&E19,'Np Quality'!A:M,8,FALSE))),"-",VLOOKUP(L19&"-"&E19,'Np Quality'!A:M,8,FALSE))) -> 0.9 | R19: =IF(ISBLANK(L19),"",IF(OR(ISBLANK(VLOOKUP(L19&"-"&E19,'Np Quality'!A:M,9,FALSE)),ISERROR(VLOOKUP(L19&"-"&E19,'Np Quality'!A:M,9,FALSE))),"-",VLOOKUP(L19&"-"&E19,'Np Quality'!A:M,9,FALSE))) -> 0 | T19: =IF(ISNUMBER(B19),CHOOSE(B19,L19,L19&","&L20,L19&","&L20&","&L21,L19&","&L20&","&L21&","&L22),"") -> V1-MD1 | U19: =IF(ISNUMBER(B19),CHOOSE(B19,M19,M19&","&M20,M19&","&M20&","&M21,M19&","&M20&","&M21&","&M22),"") -> Konabay | W19: 45700 | X19: =MONTH(W19) -> 2 | Y19: =YEAR(W19) -> 2025
A20: =IF(ISBLANK(H20),"",H20&"-"&IF(OR(LEN(I20)=1,LEN(I20)=4),"0"&I20,I20)&"-"&IF(LEN(G20)=1,"0"&G20,G20)) -> A1-01-01 | B20: =IF(AND(A20<>A19,A20<>""),COUNTIF(A:A,A20),"") -> 1 | C20: Vijaya2 | D20: 45694 | E20: =IF(ISBLANK(D20),"",D20-F20) -> 45694 | F20: 0 | G20: 1 | H20: A1 | I20: 1 | J20: Np4 | K20: Vijaya1 | L20: V1-MB1 | M20: SIS | N20: 2.5 | O20: =IF(ISBLANK(L20),"",IF(OR(ISBLANK(VLOOKUP(L20&"-"&E20,'Np Quality'!A:M,6,FALSE)),ISERROR(VLOOKUP(L20&"-"&E20,'Np Quality'!A:M,6,FALSE))),"-",VLOOKUP(L20&"-"&E20,'Np Quality'!A:M,6,FALSE))) -> Np4 | P20: =IF(ISBLANK(L20),"",IF(OR(ISBLANK(VLOOKUP(L20&"-"&E20,'Np Quality'!A:M,7,FALSE)),ISERROR(VLOOKUP(L20&"-"&E20,'Np Quality'!A:M,7,FALSE))),"-",VLOOKUP(L20&"-"&E20,'Np Quality'!A:M,7,FALSE))) -> 0.9 | Q20: =IF(ISBLANK(L20),"",IF(OR(ISBLANK(VLOOKUP(L20&"-"&E20,'Np Quality'!A:M,8,FALSE)),ISERROR(VLOOKUP(L20&"-"&E20,'Np Quality'!A:M,8,FALSE))),"-",VLOOKUP(L20&"-"&E20,'Np Quality'!A:M,8,FALSE))) -> 0.9 | R20: =IF(ISBLANK(L20),"",IF(OR(ISBLANK(VLOOKUP(L20&"-"&E20,'Np Quality'!A:M,9,FALSE)),ISERROR(VLOOKUP(L20&"-"&E20,'Np Quality'!A:M,9,FALSE))),"-",VLOOKUP(L20&"-"&E20,'Np Quality'!A:M,9,FALSE))) -> 0 | T20: =IF(ISNUMBER(B20),CHOOSE(B20,L20,L20&","&L21,L20&","&L21&","&L22,L20&","&L21&","&L22&","&L23),"") -> V1-MB1 | U20: =IF(ISNUMBER(B20),CHOOSE(B20,M20,M20&","&M21,M20&","&M21&","&M22,M20&","&M21&","&M22&","&M23),"") -> SIS | W20: 45706 | X20: =MONTH(W20) -> 2 | Y20: =YEAR(W20) -> 2025
A21: =IF(ISBLANK(H21),"",H21&"-"&IF(OR(LEN(I21)=1,LEN(I21)=4),"0"&I21,I21)&"-"&IF(LEN(G21)=1,"0"&G21,G21)) -> A1-02-01 | B21: =IF(AND(A21<>A20,A21<>""),COUNTIF(A:A,A21),"") -> 1 | C21: Vijaya2 | D21: 45694 | E21: =IF(ISBLANK(D21),"",D21-F21) -> 45694 | F21: 0 | G21: 1 | H21: A1 | I21: 2 | J21: Np4 | K21: Vijaya1 | L21: V1-MD1 | M21: Konabay | N21: 1 | O21: =IF(ISBLANK(L21),"",IF(OR(ISBLANK(VLOOKUP(L21&"-"&E21,'Np Quality'!A:M,6,FALSE)),ISERROR(VLOOKUP(L21&"-"&E21,'Np Quality'!A:M,6,FALSE))),"-",VLOOKUP(L21&"-"&E21,'Np Quality'!A:M,6,FALSE))) -> Np4 | P21: =IF(ISBLANK(L21),"",IF(OR(ISBLANK(VLOOKUP(L21&"-"&E21,'Np Quality'!A:M,7,FALSE)),ISERROR(VLOOKUP(L21&"-"&E21,'Np Quality'!A:M,7,FALSE))),"-",VLOOKUP(L21&"-"&E21,'Np Quality'!A:M,7,FALSE))) -> 0.9 | Q21: =IF(ISBLANK(L21),"",IF(OR(ISBLANK(VLOOKUP(L21&"-"&E21,'Np Quality'!A:M,8,FALSE)),ISERROR(VLOOKUP(L21&"-"&E21,'Np Quality'!A:M,8,FALSE))),"-",VLOOKUP(L21&"-"&E21,'Np Quality'!A:M,8,FALSE))) -> 0.9 | R21: =IF(ISBLANK(L21),"",IF(OR(ISBLANK(VLOOKUP(L21&"-"&E21,'Np Quality'!A:M,9,FALSE)),ISERROR(VLOOKUP(L21&"-"&E21,'Np Quality'!A:M,9,FALSE))),"-",VLOOKUP(L21&"-"&E21,'Np Quality'!A:M,9,FALSE))) -> 0 | T21: =IF(ISNUMBER(B21),CHOOSE(B21,L21,L21&","&L22,L21&","&L22&","&L23,L21&","&L22&","&L23&","&L24),"") -> V1-MD1 | U21: =IF(ISNUMBER(B21),CHOOSE(B21,M21,M21&","&M22,M21&","&M22&","&M23,M21&","&M22&","&M23&","&M24),"") -> Konabay | W21: 45706 | X21: =MONTH(W21) -> 2 | Y21: =YEAR(W21) -> 2025
A22: =IF(ISBLANK(H22),"",H22&"-"&IF(OR(LEN(I22)=1,LEN(I22)=4),"0"&I22,I22)&"-"&IF(LEN(G22)=1,"0"&G22,G22)) -> A1-03-01 | B22: =IF(AND(A22<>A21,A22<>""),COUNTIF(A:A,A22),"") -> 1 | C22: Vijaya2 | D22: 45694 | E22: =IF(ISBLANK(D22),"",D22-F22) -> 45694 | F22: 0 | G22: 1 | H22: A1 | I22: 3 | J22: Np4 | K22: Vijaya1 | L22: V1-MD1 | M22: Konabay | N22: 1 | O22: =IF(ISBLANK(L22),"",IF(OR(ISBLANK(VLOOKUP(L22&"-"&E22,'Np Quality'!A:M,6,FALSE)),ISERROR(VLOOKUP(L22&"-"&E22,'Np Quality'!A:M,6,FALSE))),"-",VLOOKUP(L22&"-"&E22,'Np Quality'!A:M,6,FALSE))) -> Np4 | P22: =IF(ISBLANK(L22),"",IF(OR(ISBLANK(VLOOKUP(L22&"-"&E22,'Np Quality'!A:M,7,FALSE)),ISERROR(VLOOKUP(L22&"-"&E22,'Np Quality'!A:M,7,FALSE))),"-",VLOOKUP(L22&"-"&E22,'Np Quality'!A:M,7,FALSE))) -> 0.9 | Q22: =IF(ISBLANK(L22),"",IF(OR(ISBLANK(VLOOKUP(L22&"-"&E22,'Np Quality'!A:M,8,FALSE)),ISERROR(VLOOKUP(L22&"-"&E22,'Np Quality'!A:M,8,FALSE))),"-",VLOOKUP(L22&"-"&E22,'Np Quality'!A:M,8,FALSE))) -> 0.9 | R22: =IF(ISBLANK(L22),"",IF(OR(ISBLANK(VLOOKUP(L22&"-"&E22,'Np Quality'!A:M,9,FALSE)),ISERROR(VLOOKUP(L22&"-"&E22,'Np Quality'!A:M,9,FALSE))),"-",VLOOKUP(L22&"-"&E22,'Np Quality'!A:M,9,FALSE))) -> 0 | T22: =IF(ISNUMBER(B22),CHOOSE(B22,L22,L22&","&L23,L22&","&L23&","&L24,L22&","&L23&","&L24&","&L25),"") -> V1-MD1 | U22: =IF(ISNUMBER(B22),CHOOSE(B22,M22,M22&","&M23,M22&","&M23&","&M24,M22&","&M23&","&M24&","&M25),"") -> Konabay | W22: 45707 | X22: =MONTH(W22) -> 2 | Y22: =YEAR(W22) -> 2025
A23: =IF(ISBLANK(H23),"",H23&"-"&IF(OR(LEN(I23)=1,LEN(I23)=4),"0"&I23,I23)&"-"&IF(LEN(G23)=1,"0"&G23,G23)) -> A1-04-01 | B23: =IF(AND(A23<>A22,A23<>""),COUNTIF(A:A,A23),"") -> 1 | C23: Vijaya2 | D23: 45695 | E23: =IF(ISBLANK(D23),"",D23-F23) -> 45695 | F23: 0 | G23: 1 | H23: A1 | I23: 4 | J23: Np4 | K23: Pondy1 | L23: PD-MA1 | M23: Konabay | N23: 1.67 | O23: =IF(ISBLANK(L23),"",IF(OR(ISBLANK(VLOOKUP(L23&"-"&E23,'Np Quality'!A:M,6,FALSE)),ISERROR(VLOOKUP(L23&"-"&E23,'Np Quality'!A:M,6,FALSE))),"-",VLOOKUP(L23&"-"&E23,'Np Quality'!A:M,6,FALSE))) -> NP3 | P23: =IF(ISBLANK(L23),"",IF(OR(ISBLANK(VLOOKUP(L23&"-"&E23,'Np Quality'!A:M,7,FALSE)),ISERROR(VLOOKUP(L23&"-"&E23,'Np Quality'!A:M,7,FALSE))),"-",VLOOKUP(L23&"-"&E23,'Np Quality'!A:M,7,FALSE))) -> - | Q23: =IF(ISBLANK(L23),"",IF(OR(ISBLANK(VLOOKUP(L23&"-"&E23,'Np Quality'!A:M,8,FALSE)),ISERROR(VLOOKUP(L23&"-"&E23,'Np Quality'!A:M,8,FALSE))),"-",VLOOKUP(L23&"-"&E23,'Np Quality'!A:M,8,FALSE))) -> - | R23: =IF(ISBLANK(L23),"",IF(OR(ISBLANK(VLOOKUP(L23&"-"&E23,'Np Quality'!A:M,9,FALSE)),ISERROR(VLOOKUP(L23&"-"&E23,'Np Quality'!A:M,9,FALSE))),"-",VLOOKUP(L23&"-"&E23,'Np Quality'!A:M,9,FALSE))) -> 0.01 | T23: =IF(ISNUMBER(B23),CHOOSE(B23,L23,L23&","&L24,L23&","&L24&","&L25,L23&","&L24&","&L25&","&L26),"") -> PD-MA1 | U23: =IF(ISNUMBER(B23),CHOOSE(B23,M23,M23&","&M24,M23&","&M24&","&M25,M23&","&M24&","&M25&","&M26),"") -> Konabay | W23: 45708 | X23: =MONTH(W23) -> 2 | Y23: =YEAR(W23) -> 2025
A24: =IF(ISBLANK(H24),"",H24&"-"&IF(OR(LEN(I24)=1,LEN(I24)=4),"0"&I24,I24)&"-"&IF(LEN(G24)=1,"0"&G24,G24)) -> A1-05-01 | B24: =IF(AND(A24<>A23,A24<>""),COUNTIF(A:A,A24),"") -> 1 | C24: Vijaya2 | D24: 45695 | E24: =IF(ISBLANK(D24),"",D24-F24) -> 45695 | F24: 0 | G24: 1 | H24: A1 | I24: 5 | J24: Np4 | K24: Pondy1 | L24: PD-MA1 | M24: Konabay | N24: 1.67 | O24: =IF(ISBLANK(L24),"",IF(OR(ISBLANK(VLOOKUP(L24&"-"&E24,'Np Quality'!A:M,6,FALSE)),ISERROR(VLOOKUP(L24&"-"&E24,'Np Quality'!A:M,6,FALSE))),"-",VLOOKUP(L24&"-"&E24,'Np Quality'!A:M,6,FALSE))) -> NP3 | P24: =IF(ISBLANK(L24),"",IF(OR(ISBLANK(VLOOKUP(L24&"-"&E24,'Np Quality'!A:M,7,FALSE)),ISERROR(VLOOKUP(L24&"-"&E24,'Np Quality'!A:M,7,FALSE))),"-",VLOOKUP(L24&"-"&E24,'Np Quality'!A:M,7,FALSE))) -> - | Q24: =IF(ISBLANK(L24),"",IF(OR(ISBLANK(VLOOKUP(L24&"-"&E24,'Np Quality'!A:M,8,FALSE)),ISERROR(VLOOKUP(L24&"-"&E24,'Np Quality'!A:M,8,FALSE))),"-",VLOOKUP(L24&"-"&E24,'Np Quality'!A:M,8,FALSE))) -> - | R24: =IF(ISBLANK(L24),"",IF(OR(ISBLANK(VLOOKUP(L24&"-"&E24,'Np Quality'!A:M,9,FALSE)),ISERROR(VLOOKUP(L24&"-"&E24,'Np Quality'!A:M,9,FALSE))),"-",VLOOKUP(L24&"-"&E24,'Np Quality'!A:M,9,FALSE))) -> 0.01 | T24: =IF(ISNUMBER(B24),CHOOSE(B24,L24,L24&","&L25,L24&","&L25&","&L26,L24&","&L25&","&L26&","&L27),"") -> PD-MA1 | U24: =IF(ISNUMBER(B24),CHOOSE(B24,M24,M24&","&M25,M24&","&M25&","&M26,M24&","&M25&","&M26&","&M27),"") -> Konabay | W24: 45708 | X24: =MONTH(W24) -> 2 | Y24: =YEAR(W24) -> 2025
A25: =IF(ISBLANK(H25),"",H25&"-"&IF(OR(LEN(I25)=1,LEN(I25)=4),"0"&I25,I25)&"-"&IF(LEN(G25)=1,"0"&G25,G25)) -> A1-06-01 | B25: =IF(AND(A25<>A24,A25<>""),COUNTIF(A:A,A25),"") -> 1 | C25: Vijaya2 | D25: 45695 | E25: =IF(ISBLANK(D25),"",D25-F25) -> 45695 | F25: 0 | G25: 1 | H25: A1 | I25: 6 | J25: Np4 | K25: Pondy1 | L25: PD-MA1 | M25: Konabay | N25: 1.66 | O25: =IF(ISBLANK(L26),"",IF(OR(ISBLANK(VLOOKUP(L26&"-"&E26,'Np Quality'!A:M,6,FALSE)),ISERROR(VLOOKUP(L26&"-"&E26,'Np Quality'!A:M,6,FALSE))),"-",VLOOKUP(L26&"-"&E26,'Np Quality'!A:M,6,FALSE))) -> Np4 | P25: =IF(ISBLANK(L25),"",IF(OR(ISBLANK(VLOOKUP(L25&"-"&E25,'Np Quality'!A:M,7,FALSE)),ISERROR(VLOOKUP(L25&"-"&E25,'Np Quality'!A:M,7,FALSE))),"-",VLOOKUP(L25&"-"&E25,'Np Quality'!A:M,7,FALSE))) -> - | Q25: =IF(ISBLANK(L25),"",IF(OR(ISBLANK(VLOOKUP(L25&"-"&E25,'Np Quality'!A:M,8,FALSE)),ISERROR(VLOOKUP(L25&"-"&E25,'Np Quality'!A:M,8,FALSE))),"-",VLOOKUP(L25&"-"&E25,'Np Quality'!A:M,8,FALSE))) -> - | R25: =IF(ISBLANK(L25),"",IF(OR(ISBLANK(VLOOKUP(L25&"-"&E25,'Np Quality'!A:M,9,FALSE)),ISERROR(VLOOKUP(L25&"-"&E25,'Np Quality'!A:M,9,FALSE))),"-",VLOOKUP(L25&"-"&E25,'Np Quality'!A:M,9,FALSE))) -> 0.01 | T25: =IF(ISNUMBER(B25),CHOOSE(B25,L25,L25&","&L26,L25&","&L26&","&L27,L25&","&L26&","&L27&","&L28),"") -> PD-MA1 | U25: =IF(ISNUMBER(B25),CHOOSE(B25,M25,M25&","&M26,M25&","&M26&","&M27,M25&","&M26&","&M27&","&M28),"") -> Konabay | W25: 45709 | X25: =MONTH(W25) -> 2 | Y25: =YEAR(W25) -> 2025
A26: =IF(ISBLANK(H26),"",H26&"-"&IF(OR(LEN(I26)=1,LEN(I26)=4),"0"&I26,I26)&"-"&IF(LEN(G26)=1,"0"&G26,G26)) -> A1-07-01 | B26: =IF(AND(A26<>A25,A26<>""),COUNTIF(A:A,A26),"") -> 1 | C26: Vijaya2 | D26: 45695 | E26: =IF(ISBLANK(D26),"",D26-F26) -> 45695 | F26: 0 | G26: 1 | H26: A1 | I26: 7 | J26: Np4 | K26: Vijaya1 | L26: V1-MB1 | M26: SIS | N26: 1.25 | O26: =IF(ISBLANK(L26),"",IF(OR(ISBLANK(VLOOKUP(L26&"-"&E26,'Np Quality'!A:M,6,FALSE)),ISERROR(VLOOKUP(L26&"-"&E26,'Np Quality'!A:M,6,FALSE))),"-",VLOOKUP(L26&"-"&E26,'Np Quality'!A:M,6,FALSE))) -> Np4 | P26: =IF(ISBLANK(L27),"",IF(OR(ISBLANK(VLOOKUP(L27&"-"&E27,'Np Quality'!A:M,7,FALSE)),ISERROR(VLOOKUP(L27&"-"&E27,'Np Quality'!A:M,7,FALSE))),"-",VLOOKUP(L27&"-"&E27,'Np Quality'!A:M,7,FALSE))) -> 0.9 | Q26: =IF(ISBLANK(L26),"",IF(OR(ISBLANK(VLOOKUP(L26&"-"&E26,'Np Quality'!A:M,8,FALSE)),ISERROR(VLOOKUP(L26&"-"&E26,'Np Quality'!A:M,8,FALSE))),"-",VLOOKUP(L26&"-"&E26,'Np Quality'!A:M,8,FALSE))) -> 0.9 | R26: =IF(ISBLANK(L26),"",IF(OR(ISBLANK(VLOOKUP(L26&"-"&E26,'Np Quality'!A:M,9,FALSE)),ISERROR(VLOOKUP(L26&"-"&E26,'Np Quality'!A:M,9,FALSE))),"-",VLOOKUP(L26&"-"&E26,'Np Quality'!A:M,9,FALSE))) -> 0 | T26: =IF(ISNUMBER(B26),CHOOSE(B26,L26,L26&","&L27,L26&","&L27&","&L28,L26&","&L27&","&L28&","&L29),"") -> V1-MB1 | U26: =IF(ISNUMBER(B26),CHOOSE(B26,M26,M26&","&M27,M26&","&M27&","&M28,M26&","&M27&","&M28&","&M29),"") -> SIS | W26: 45708 | X26: =MONTH(W26) -> 2 | Y26: =YEAR(W26) -> 2025
A27: =IF(ISBLANK(H27),"",H27&"-"&IF(OR(LEN(I27)=1,LEN(I27)=4),"0"&I27,I27)&"-"&IF(LEN(G27)=1,"0"&G27,G27)) -> A1-08-01 | B27: =IF(AND(A27<>A26,A27<>""),COUNTIF(A:A,A27),"") -> 1 | C27: Vijaya2 | D27: 45695 | E27: =IF(ISBLANK(D27),"",D27-F27) -> 45695 | F27: 0 | G27: 1 | H27: A1 | I27: 8 | J27: Np4 | K27: Vijaya1 | L27: V1-MB1 | M27: SIS | N27: 1.25 | O27: =IF(ISBLANK(L27),"",IF(OR(ISBLANK(VLOOKUP(L27&"-"&E27,'Np Quality'!A:M,6,FALSE)),ISERROR(VLOOKUP(L27&"-"&E27,'Np Quality'!A:M,6,FALSE))),"-",VLOOKUP(L27&"-"&E27,'Np Quality'!A:M,6,FALSE))) -> Np4 | P27: =IF(ISBLANK(L27),"",IF(OR(ISBLANK(VLOOKUP(L27&"-"&E27,'Np Quality'!A:M,7,FALSE)),ISERROR(VLOOKUP(L27&"-"&E27,'Np Quality'!A:M,7,FALSE))),"-",VLOOKUP(L27&"-"&E27,'Np Quality'!A:M,7,FALSE))) -> 0.9 | Q27: =IF(ISBLANK(L28),"",IF(OR(ISBLANK(VLOOKUP(L28&"-"&E28,'Np Quality'!A:M,8,FALSE)),ISERROR(VLOOKUP(L28&"-"&E28,'Np Quality'!A:M,8,FALSE))),"-",VLOOKUP(L28&"-"&E28,'Np Quality'!A:M,8,FALSE))) -> 0.9 | R27: =IF(ISBLANK(L27),"",IF(OR(ISBLANK(VLOOKUP(L27&"-"&E27,'Np Quality'!A:M,9,FALSE)),ISERROR(VLOOKUP(L27&"-"&E27,'Np Quality'!A:M,9,FALSE))),"-",VLOOKUP(L27&"-"&E27,'Np Quality'!A:M,9,FALSE))) -> 0 | T27: =IF(ISNUMBER(B27),CHOOSE(B27,L27,L27&","&L28,L27&","&L28&","&L29,L27&","&L28&","&L29&","&L30),"") -> V1-MB1 | U27: =IF(ISNUMBER(B27),CHOOSE(B27,M27,M27&","&M28,M27&","&M28&","&M29,M27&","&M28&","&M29&","&M30),"") -> SIS | W27: 45708 | X27: =MONTH(W27) -> 2 | Y27: =YEAR(W27) -> 2025
A28: =IF(ISBLANK(H28),"",H28&"-"&IF(OR(LEN(I28)=1,LEN(I28)=4),"0"&I28,I28)&"-"&IF(LEN(G28)=1,"0"&G28,G28)) -> A1-09-01 | B28: =IF(AND(A28<>A27,A28<>""),COUNTIF(A:A,A28),"") -> 1 | C28: Vijaya2 | D28: 45695 | E28: =IF(ISBLANK(D28),"",D28-F28) -> 45695 | F28: 0 | G28: 1 | H28: A1 | I28: 9 | J28: Np4 | K28: Vijaya1 | L28: V1-MD1 | M28: Konabay | N28: 2 | O28: =IF(ISBLANK(L28),"",IF(OR(ISBLANK(VLOOKUP(L28&"-"&E28,'Np Quality'!A:M,6,FALSE)),ISERROR(VLOOKUP(L28&"-"&E28,'Np Quality'!A:M,6,FALSE))),"-",VLOOKUP(L28&"-"&E28,'Np Quality'!A:M,6,FALSE))) -> Np4 | P28: =IF(ISBLANK(L28),"",IF(OR(ISBLANK(VLOOKUP(L28&"-"&E28,'Np Quality'!A:M,7,FALSE)),ISERROR(VLOOKUP(L28&"-"&E28,'Np Quality'!A:M,7,FALSE))),"-",VLOOKUP(L28&"-"&E28,'Np Quality'!A:M,7,FALSE))) -> 0.9 | Q28: =IF(ISBLANK(L28),"",IF(OR(ISBLANK(VLOOKUP(L28&"-"&E28,'Np Quality'!A:M,8,FALSE)),ISERROR(VLOOKUP(L28&"-"&E28,'Np Quality'!A:M,8,FALSE))),"-",VLOOKUP(L28&"-"&E28,'Np Quality'!A:M,8,FALSE))) -> 0.9 | R28: =IF(ISBLANK(L29),"",IF(OR(ISBLANK(VLOOKUP(L29&"-"&E29,'Np Quality'!A:M,9,FALSE)),ISERROR(VLOOKUP(L29&"-"&E29,'Np Quality'!A:M,9,FALSE))),"-",VLOOKUP(L29&"-"&E29,'Np Quality'!A:M,9,FALSE))) -> - | T28: =IF(ISNUMBER(B28),CHOOSE(B28,L28,L28&","&L29,L28&","&L29&","&L30,L28&","&L29&","&L30&","&L31),"") -> V1-MD1 | U28: =IF(ISNUMBER(B28),CHOOSE(B28,M28,M28&","&M29,M28&","&M29&","&M30,M28&","&M29&","&M30&","&M31),"") -> Konabay | W28: 45708 | X28: =MONTH(W28) -> 2 | Y28: =YEAR(W28) -> 2025
A29: =IF(ISBLANK(H29),"",H29&"-"&IF(OR(LEN(I29)=1,LEN(I29)=4),"0"&I29,I29)&"-"&IF(LEN(G29)=1,"0"&G29,G29)) -> A1-10-01 | B29: =IF(AND(A29<>A28,A29<>""),COUNTIF(A:A,A29),"") -> 1 | C29: Vijaya2 | D29: 45696 | E29: =IF(ISBLANK(D29),"",D29-F29) -> 45696 | F29: 0 | G29: 1 | H29: A1 | I29: 10 | J29: Np4 | K29: Pondy1 | L29: PD-MA1 | M29: Konabay | N29: 1.5 | O29: =IF(ISBLANK(L29),"",IF(OR(ISBLANK(VLOOKUP(L29&"-"&E29,'Np Quality'!A:M,6,FALSE)),ISERROR(VLOOKUP(L29&"-"&E29,'Np Quality'!A:M,6,FALSE))),"-",VLOOKUP(L29&"-"&E29,'Np Quality'!A:M,6,FALSE))) -> - | P29: =IF(ISBLANK(L29),"",IF(OR(ISBLANK(VLOOKUP(L29&"-"&E29,'Np Quality'!A:M,7,FALSE)),ISERROR(VLOOKUP(L29&"-"&E29,'Np Quality'!A:M,7,FALSE))),"-",VLOOKUP(L29&"-"&E29,'Np Quality'!A:M,7,FALSE))) -> - | Q29: =IF(ISBLANK(L29),"",IF(OR(ISBLANK(VLOOKUP(L29&"-"&E29,'Np Quality'!A:M,8,FALSE)),ISERROR(VLOOKUP(L29&"-"&E29,'Np Quality'!A:M,8,FALSE))),"-",VLOOKUP(L29&"-"&E29,'Np Quality'!A:M,8,FALSE))) -> - | R29: =IF(ISBLANK(L29),"",IF(OR(ISBLANK(VLOOKUP(L29&"-"&E29,'Np Quality'!A:M,9,FALSE)),ISERROR(VLOOKUP(L29&"-"&E29,'Np Quality'!A:M,9,FALSE))),"-",VLOOKUP(L29&"-"&E29,'Np Quality'!A:M,9,FALSE))) -> - | T29: =IF(ISNUMBER(B29),CHOOSE(B29,L29,L29&","&L30,L29&","&L30&","&L31,L29&","&L30&","&L31&","&L32),"") -> PD-MA1 | U29: =IF(ISNUMBER(B29),CHOOSE(B29,M29,M29&","&M30,M29&","&M30&","&M31,M29&","&M30&","&M31&","&M32),"") -> Konabay | W29: 45710 | X29: =MONTH(W29) -> 2 | Y29: =YEAR(W29) -> 2025
A30: =IF(ISBLANK(H30),"",H30&"-"&IF(OR(LEN(I30)=1,LEN(I30)=4),"0"&I30,I30)&"-"&IF(LEN(G30)=1,"0"&G30,G30)) -> A1-11-01 | B30: =IF(AND(A30<>A29,A30<>""),COUNTIF(A:A,A30),"") -> 1 | C30: Vijaya2 | D30: 45696 | E30: =IF(ISBLANK(D30),"",D30-F30) -> 45696 | F30: 0 | G30: 1 | H30: A1 | I30: 11 | J30: Np4 | K30: Pondy1 | L30: PD-MA1 | M30: Konabay | N30: 0.75 | O30: =IF(ISBLANK(L30),"",IF(OR(ISBLANK(VLOOKUP(L30&"-"&E30,'Np Quality'!A:M,6,FALSE)),ISERROR(VLOOKUP(L30&"-"&E30,'Np Quality'!A:M,6,FALSE))),"-",VLOOKUP(L30&"-"&E30,'Np Quality'!A:M,6,FALSE))) -> - | P30: =IF(ISBLANK(L30),"",IF(OR(ISBLANK(VLOOKUP(L30&"-"&E30,'Np Quality'!A:M,7,FALSE)),ISERROR(VLOOKUP(L30&"-"&E30,'Np Quality'!A:M,7,FALSE))),"-",VLOOKUP(L30&"-"&E30,'Np Quality'!A:M,7,FALSE))) -> - | Q30: =IF(ISBLANK(L30),"",IF(OR(ISBLANK(VLOOKUP(L30&"-"&E30,'Np Quality'!A:M,8,FALSE)),ISERROR(VLOOKUP(L30&"-"&E30,'Np Quality'!A:M,8,FALSE))),"-",VLOOKUP(L30&"-"&E30,'Np Quality'!A:M,8,FALSE))) -> - | R30: =IF(ISBLANK(L30),"",IF(OR(ISBLANK(VLOOKUP(L30&"-"&E30,'Np Quality'!A:M,9,FALSE)),ISERROR(VLOOKUP(L30&"-"&E30,'Np Quality'!A:M,9,FALSE))),"-",VLOOKUP(L30&"-"&E30,'Np Quality'!A:M,9,FALSE))) -> - | T30: =IF(ISNUMBER(B30),CHOOSE(B30,L30,L30&","&L31,L30&","&L31&","&L32,L30&","&L31&","&L32&","&L33),"") -> PD-MA1 | U30: =IF(ISNUMBER(B30),CHOOSE(B30,M30,M30&","&M31,M30&","&M31&","&M32,M30&","&M31&","&M32&","&M33),"") -> Konabay | W30: 45710 | X30: =MONTH(W30) -> 2 | Y30: =YEAR(W30) -> 2025
A31: =IF(ISBLANK(H31),"",H31&"-"&IF(OR(LEN(I31)=1,LEN(I31)=4),"0"&I31,I31)&"-"&IF(LEN(G31)=1,"0"&G31,G31)) -> A1-12-01 | B31: =IF(AND(A31<>A30,A31<>""),COUNTIF(A:A,A31),"") -> 1 | C31: Vijaya2 | D31: 45696 | E31: =IF(ISBLANK(D31),"",D31-F31) -> 45696 | F31: 0 | G31: 1 | H31: A1 | I31: 12 | J31: Np4 | K31: Pondy1 | L31: PD-MA1 | M31: Konabay | N31: 0.75 | O31: =IF(ISBLANK(L31),"",IF(OR(ISBLANK(VLOOKUP(L31&"-"&E31,'Np Quality'!A:M,6,FALSE)),ISERROR(VLOOKUP(L31&"-"&E31,'Np Quality'!A:M,6,FALSE))),"-",VLOOKUP(L31&"-"&E31,'Np Quality'!A:M,6,FALSE))) -> - | P31: =IF(ISBLANK(L31),"",IF(OR(ISBLANK(VLOOKUP(L31&"-"&E31,'Np Quality'!A:M,7,FALSE)),ISERROR(VLOOKUP(L31&"-"&E31,'Np Quality'!A:M,7,FALSE))),"-",VLOOKUP(L31&"-"&E31,'Np Quality'!A:M,7,FALSE))) -> - | Q31: =IF(ISBLANK(L31),"",IF(OR(ISBLANK(VLOOKUP(L31&"-"&E31,'Np Quality'!A:M,8,FALSE)),ISERROR(VLOOKUP(L31&"-"&E31,'Np Quality'!A:M,8,FALSE))),"-",VLOOKUP(L31&"-"&E31,'Np Quality'!A:M,8,FALSE))) -> - | R31: =IF(ISBLANK(L31),"",IF(OR(ISBLANK(VLOOKUP(L31&"-"&E31,'Np Quality'!A:M,9,FALSE)),ISERROR(VLOOKUP(L31&"-"&E31,'Np Quality'!A:M,9,FALSE))),"-",VLOOKUP(L31&"-"&E31,'Np Quality'!A:M,9,FALSE))) -> - | T31: =IF(ISNUMBER(B31),CHOOSE(B31,L31,L31&","&L32,L31&","&L32&","&L33,L31&","&L32&","&L33&","&L34),"") -> PD-MA1 | U31: =IF(ISNUMBER(B31),CHOOSE(B31,M31,M31&","&M32,M31&","&M32&","&M33,M31&","&M32&","&M33&","&M34),"") -> Konabay | W31: 45709 | X31: =MONTH(W31) -> 2 | Y31: =YEAR(W31) -> 2025
A32: =IF(ISBLANK(H32),"",H32&"-"&IF(OR(LEN(I32)=1,LEN(I32)=4),"0"&I32,I32)&"-"&IF(LEN(G32)=1,"0"&G32,G32)) -> A1-13-01 | B32: =IF(AND(A32<>A31,A32<>""),COUNTIF(A:A,A32),"") -> 1 | C32: Vijaya2 | D32: 45696 | E32: =IF(ISBLANK(D32),"",D32-F32) -> 45696 | F32: 0 | G32: 1 | H32: A1 | I32: 13 | J32: Np4 | K32: Vijaya1 | L32: V1-MD1 | M32: Konabay | N32: 1 | O32: =IF(ISBLANK(L32),"",IF(OR(ISBLANK(VLOOKUP(L32&"-"&E32,'Np Quality'!A:M,6,FALSE)),ISERROR(VLOOKUP(L32&"-"&E32,'Np Quality'!A:M,6,FALSE))),"-",VLOOKUP(L32&"-"&E32,'Np Quality'!A:M,6,FALSE))) -> Np4 | P32: =IF(ISBLANK(L32),"",IF(OR(ISBLANK(VLOOKUP(L32&"-"&E32,'Np Quality'!A:M,7,FALSE)),ISERROR(VLOOKUP(L32&"-"&E32,'Np Quality'!A:M,7,FALSE))),"-",VLOOKUP(L32&"-"&E32,'Np Quality'!A:M,7,FALSE))) -> 0.9 | Q32: =IF(ISBLANK(L32),"",IF(OR(ISBLANK(VLOOKUP(L32&"-"&E32,'Np Quality'!A:M,8,FALSE)),ISERROR(VLOOKUP(L32&"-"&E32,'Np Quality'!A:M,8,FALSE))),"-",VLOOKUP(L32&"-"&E32,'Np Quality'!A:M,8,FALSE))) -> 0.9 | R32: =IF(ISBLANK(L32),"",IF(OR(ISBLANK(VLOOKUP(L32&"-"&E32,'Np Quality'!A:M,9,FALSE)),ISERROR(VLOOKUP(L32&"-"&E32,'Np Quality'!A:M,9,FALSE))),"-",VLOOKUP(L32&"-"&E32,'Np Quality'!A:M,9,FALSE))) -> 0 | T32: =IF(ISNUMBER(B32),CHOOSE(B32,L32,L32&","&L33,L32&","&L33&","&L34,L32&","&L33&","&L34&","&L35),"") -> V1-MD1 | U32: =IF(ISNUMBER(B32),CHOOSE(B32,M32,M32&","&M33,M32&","&M33&","&M34,M32&","&M33&","&M34&","&M35),"") -> Konabay | W32: 45709 | X32: =MONTH(W32) -> 2 | Y32: =YEAR(W32) -> 2025
A33: =IF(ISBLANK(H33),"",H33&"-"&IF(OR(LEN(I33)=1,LEN(I33)=4),"0"&I33,I33)&"-"&IF(LEN(G33)=1,"0"&G33,G33)) -> A1-14-01 | B33: =IF(AND(A33<>A32,A33<>""),COUNTIF(A:A,A33),"") -> 1 | C33: Vijaya2 | D33: 45696 | E33: =IF(ISBLANK(D33),"",D33-F33) -> 45696 | F33: 0 | G33: 1 | H33: A1 | I33: 14 | J33: Np4 | K33: Vijaya1 | L33: V1-MD1 | M33: Konabay | N33: 1 | O33: =IF(ISBLANK(L33),"",IF(OR(ISBLANK(VLOOKUP(L33&"-"&E33,'Np Quality'!A:M,6,FALSE)),ISERROR(VLOOKUP(L33&"-"&E33,'Np Quality'!A:M,6,FALSE))),"-",VLOOKUP(L33&"-"&E33,'Np Quality'!A:M,6,FALSE))) -> Np4 | P33: =IF(ISBLANK(L33),"",IF(OR(ISBLANK(VLOOKUP(L33&"-"&E33,'Np Quality'!A:M,7,FALSE)),ISERROR(VLOOKUP(L33&"-"&E33,'Np Quality'!A:M,7,FALSE))),"-",VLOOKUP(L33&"-"&E33,'Np Quality'!A:M,7,FALSE))) -> 0.9 | Q33: =IF(ISBLANK(L33),"",IF(OR(ISBLANK(VLOOKUP(L33&"-"&E33,'Np Quality'!A:M,8,FALSE)),ISERROR(VLOOKUP(L33&"-"&E33,'Np Quality'!A:M,8,FALSE))),"-",VLOOKUP(L33&"-"&E33,'Np Quality'!A:M,8,FALSE))) -> 0.9 | R33: =IF(ISBLANK(L33),"",IF(OR(ISBLANK(VLOOKUP(L33&"-"&E33,'Np Quality'!A:M,9,FALSE)),ISERROR(VLOOKUP(L33&"-"&E33,'Np Quality'!A:M,9,FALSE))),"-",VLOOKUP(L33&"-"&E33,'Np Quality'!A:M,9,FALSE))) -> 0 | T33: =IF(ISNUMBER(B33),CHOOSE(B33,L33,L33&","&L34,L33&","&L34&","&L35,L33&","&L34&","&L35&","&L36),"") -> V1-MD1 | U33: =IF(ISNUMBER(B33),CHOOSE(B33,M33,M33&","&M34,M33&","&M34&","&M35,M33&","&M34&","&M35&","&M36),"") -> Konabay | W33: 45709 | X33: =MONTH(W33) -> 2 | Y33: =YEAR(W33) -> 2025
A34: =IF(ISBLANK(H34),"",H34&"-"&IF(OR(LEN(I34)=1,LEN(I34)=4),"0"&I34,I34)&"-"&IF(LEN(G34)=1,"0"&G34,G34)) -> A1-15-01 | B34: =IF(AND(A34<>A33,A34<>""),COUNTIF(A:A,A34),"") -> 1 | C34: Vijaya2 | D34: 45696 | E34: =IF(ISBLANK(D34),"",D34-F34) -> 45696 | F34: 0 | G34: 1 | H34: A1 | I34: 15 | J34: Np4 | K34: Vijaya1 | L34: V1-MD1 | M34: Konabay | N34: 1 | O34: =IF(ISBLANK(L34),"",IF(OR(ISBLANK(VLOOKUP(L34&"-"&E34,'Np Quality'!A:M,6,FALSE)),ISERROR(VLOOKUP(L34&"-"&E34,'Np Quality'!A:M,6,FALSE))),"-",VLOOKUP(L34&"-"&E34,'Np Quality'!A:M,6,FALSE))) -> Np4 | P34: =IF(ISBLANK(L34),"",IF(OR(ISBLANK(VLOOKUP(L34&"-"&E34,'Np Quality'!A:M,7,FALSE)),ISERROR(VLOOKUP(L34&"-"&E34,'Np Quality'!A:M,7,FALSE))),"-",VLOOKUP(L34&"-"&E34,'Np Quality'!A:M,7,FALSE))) -> 0.9 | Q34: =IF(ISBLANK(L34),"",IF(OR(ISBLANK(VLOOKUP(L34&"-"&E34,'Np Quality'!A:M,8,FALSE)),ISERROR(VLOOKUP(L34&"-"&E34,'Np Quality'!A:M,8,FALSE))),"-",VLOOKUP(L34&"-"&E34,'Np Quality'!A:M,8,FALSE))) -> 0.9 | R34: =IF(ISBLANK(L34),"",IF(OR(ISBLANK(VLOOKUP(L34&"-"&E34,'Np Quality'!A:M,9,FALSE)),ISERROR(VLOOKUP(L34&"-"&E34,'Np Quality'!A:M,9,FALSE))),"-",VLOOKUP(L34&"-"&E34,'Np Quality'!A:M,9,FALSE))) -> 0 | T34: =IF(ISNUMBER(B34),CHOOSE(B34,L34,L34&","&L35,L34&","&L35&","&L36,L34&","&L35&","&L36&","&L37),"") -> V1-MD1 | U34: =IF(ISNUMBER(B34),CHOOSE(B34,M34,M34&","&M35,M34&","&M35&","&M36,M34&","&M35&","&M36&","&M37),"") -> Konabay | W34: 45709 | X34: =MONTH(W34) -> 2 | Y34: =YEAR(W34) -> 2025
A35: =IF(ISBLANK(H35),"",H35&"-"&IF(OR(LEN(I35)=1,LEN(I35)=4),"0"&I35,I35)&"-"&IF(LEN(G35)=1,"0"&G35,G35)) -> A1-16-01 | B35: =IF(AND(A35<>A34,A35<>""),COUNTIF(A:A,A35),"") -> 1 | C35: Vijaya2 | D35: 45696 | E35: =IF(ISBLANK(D35),"",D35-F35) -> 45696 | F35: 0 | G35: 1 | H35: A1 | I35: 16 | J35: Np4 | K35: Vijaya1 | L35: V1-MB1 | M35: SIS | N35: 1 | O35: =IF(ISBLANK(L36),"",IF(OR(ISBLANK(VLOOKUP(L36&"-"&E36,'Np Quality'!A:M,6,FALSE)),ISERROR(VLOOKUP(L36&"-"&E36,'Np Quality'!A:M,6,FALSE))),"-",VLOOKUP(L36&"-"&E36,'Np Quality'!A:M,6,FALSE))) -> Np4 | P35: =IF(ISBLANK(L35),"",IF(OR(ISBLANK(VLOOKUP(L35&"-"&E35,'Np Quality'!A:M,7,FALSE)),ISERROR(VLOOKUP(L35&"-"&E35,'Np Quality'!A:M,7,FALSE))),"-",VLOOKUP(L35&"-"&E35,'Np Quality'!A:M,7,FALSE))) -> 0.9 | Q35: =IF(ISBLANK(L35),"",IF(OR(ISBLANK(VLOOKUP(L35&"-"&E35,'Np Quality'!A:M,8,FALSE)),ISERROR(VLOOKUP(L35&"-"&E35,'Np Quality'!A:M,8,FALSE))),"-",VLOOKUP(L35&"-"&E35,'Np Quality'!A:M,8,FALSE))) -> 0.9 | R35: =IF(ISBLANK(L35),"",IF(OR(ISBLANK(VLOOKUP(L35&"-"&E35,'Np Quality'!A:M,9,FALSE)),ISERROR(VLOOKUP(L35&"-"&E35,'Np Quality'!A:M,9,FALSE))),"-",VLOOKUP(L35&"-"&E35,'Np Quality'!A:M,9,FALSE))) -> 0 | T35: =IF(ISNUMBER(B35),CHOOSE(B35,L35,L35&","&L36,L35&","&L36&","&L37,L35&","&L36&","&L37&","&L38),"") -> V1-MB1 | U35: =IF(ISNUMBER(B35),CHOOSE(B35,M35,M35&","&M36,M35&","&M36&","&M37,M35&","&M36&","&M37&","&M38),"") -> SIS | W35: 45710 | X35: =MONTH(W35) -> 2 | Y35: =YEAR(W35) -> 2025
A36: =IF(ISBLANK(H36),"",H36&"-"&IF(OR(LEN(I36)=1,LEN(I36)=4),"0"&I36,I36)&"-"&IF(LEN(G36)=1,"0"&G36,G36)) -> A1-17-01 | B36: =IF(AND(A36<>A35,A36<>""),COUNTIF(A:A,A36),"") -> 1 | C36: Vijaya2 | D36: 45696 | E36: =IF(ISBLANK(D36),"",D36-F36) -> 45696 | F36: 0 | G36: 1 | H36: A1 | I36: 17 | J36: Np4 | K36: Vijaya1 | L36: V1-MB1 | M36: SIS | N36: 1 | O36: =IF(ISBLANK(L36),"",IF(OR(ISBLANK(VLOOKUP(L36&"-"&E36,'Np Quality'!A:M,6,FALSE)),ISERROR(VLOOKUP(L36&"-"&E36,'Np Quality'!A:M,6,FALSE))),"-",VLOOKUP(L36&"-"&E36,'Np Quality'!A:M,6,FALSE))) -> Np4 | P36: =IF(ISBLANK(L37),"",IF(OR(ISBLANK(VLOOKUP(L37&"-"&E37,'Np Quality'!A:M,7,FALSE)),ISERROR(VLOOKUP(L37&"-"&E37,'Np Quality'!A:M,7,FALSE))),"-",VLOOKUP(L37&"-"&E37,'Np Quality'!A:M,7,FALSE))) -> 0.9 | Q36: =IF(ISBLANK(L36),"",IF(OR(ISBLANK(VLOOKUP(L36&"-"&E36,'Np Quality'!A:M,8,FALSE)),ISERROR(VLOOKUP(L36&"-"&E36,'Np Quality'!A:M,8,FALSE))),"-",VLOOKUP(L36&"-"&E36,'Np Quality'!A:M,8,FALSE))) -> 0.9 | R36: =IF(ISBLANK(L36),"",IF(OR(ISBLANK(VLOOKUP(L36&"-"&E36,'Np Quality'!A:M,9,FALSE)),ISERROR(VLOOKUP(L36&"-"&E36,'Np Quality'!A:M,9,FALSE))),"-",VLOOKUP(L36&"-"&E36,'Np Quality'!A:M,9,FALSE))) -> 0 | T36: =IF(ISNUMBER(B36),CHOOSE(B36,L36,L36&","&L37,L36&","&L37&","&L38,L36&","&L37&","&L38&","&L39),"") -> V1-MB1 | U36: =IF(ISNUMBER(B36),CHOOSE(B36,M36,M36&","&M37,M36&","&M37&","&M38,M36&","&M37&","&M38&","&M39),"") -> SIS | W36: 45709 | X36: =MONTH(W36) -> 2 | Y36: =YEAR(W36) -> 2025
A37: =IF(ISBLANK(H37),"",H37&"-"&IF(OR(LEN(I37)=1,LEN(I37)=4),"0"&I37,I37)&"-"&IF(LEN(G37)=1,"0"&G37,G37)) -> A1-18-01 | B37: =IF(AND(A37<>A36,A37<>""),COUNTIF(A:A,A37),"") -> 1 | C37: Vijaya2 | D37: 45697 | E37: =IF(ISBLANK(D37),"",D37-F37) -> 45697 | F37: 0 | G37: 1 | H37: A1 | I37: 18 | J37: Np4 | K37: Vijaya1 | L37: V1-MD1 | M37: Konabay | N37: 0.83333333 | O37: =IF(ISBLANK(L37),"",IF(OR(ISBLANK(VLOOKUP(L37&"-"&E37,'Np Quality'!A:M,6,FALSE)),ISERROR(VLOOKUP(L37&"-"&E37,'Np Quality'!A:M,6,FALSE))),"-",VLOOKUP(L37&"-"&E37,'Np Quality'!A:M,6,FALSE))) -> Np4 | P37: =IF(ISBLANK(L37),"",IF(OR(ISBLANK(VLOOKUP(L37&"-"&E37,'Np Quality'!A:M,7,FALSE)),ISERROR(VLOOKUP(L37&"-"&E37,'Np Quality'!A:M,7,FALSE))),"-",VLOOKUP(L37&"-"&E37,'Np Quality'!A:M,7,FALSE))) -> 0.9 | Q37: =IF(ISBLANK(L38),"",IF(OR(ISBLANK(VLOOKUP(L38&"-"&E38,'Np Quality'!A:M,8,FALSE)),ISERROR(VLOOKUP(L38&"-"&E38,'Np Quality'!A:M,8,FALSE))),"-",VLOOKUP(L38&"-"&E38,'Np Quality'!A:M,8,FALSE))) -> 0.9 | R37: =IF(ISBLANK(L37),"",IF(OR(ISBLANK(VLOOKUP(L37&"-"&E37,'Np Quality'!A:M,9,FALSE)),ISERROR(VLOOKUP(L37&"-"&E37,'Np Quality'!A:M,9,FALSE))),"-",VLOOKUP(L37&"-"&E37,'Np Quality'!A:M,9,FALSE))) -> 0.01 | T37: =IF(ISNUMBER(B37),CHOOSE(B37,L37,L37&","&L38,L37&","&L38&","&L39,L37&","&L38&","&L39&","&L40),"") -> V1-MD1 | U37: =IF(ISNUMBER(B37),CHOOSE(B37,M37,M37&","&M38,M37&","&M38&","&M39,M37&","&M38&","&M39&","&M40),"") -> Konabay | W37: 45710 | X37: =MONTH(W37) -> 2 | Y37: =YEAR(W37) -> 2025
A38: =IF(ISBLANK(H38),"",H38&"-"&IF(OR(LEN(I38)=1,LEN(I38)=4),"0"&I38,I38)&"-"&IF(LEN(G38)=1,"0"&G38,G38)) -> A1-19-01 | B38: =IF(AND(A38<>A37,A38<>""),COUNTIF(A:A,A38),"") -> 1 | C38: Vijaya2 | D38: 45697 | E38: =IF(ISBLANK(D38),"",D38-F38) -> 45697 | F38: 0 | G38: 1 | H38: A1 | I38: 19 | J38: Np4 | K38: Vijaya1 | L38: V1-MD1 | M38: Konabay | N38: 0.83333333 | O38: =IF(ISBLANK(L38),"",IF(OR(ISBLANK(VLOOKUP(L38&"-"&E38,'Np Quality'!A:M,6,FALSE)),ISERROR(VLOOKUP(L38&"-"&E38,'Np Quality'!A:M,6,FALSE))),"-",VLOOKUP(L38&"-"&E38,'Np Quality'!A:M,6,FALSE))) -> Np4 | P38: =IF(ISBLANK(L38),"",IF(OR(ISBLANK(VLOOKUP(L38&"-"&E38,'Np Quality'!A:M,7,FALSE)),ISERROR(VLOOKUP(L38&"-"&E38,'Np Quality'!A:M,7,FALSE))),"-",VLOOKUP(L38&"-"&E38,'Np Quality'!A:M,7,FALSE))) -> 0.9 | Q38: =IF(ISBLANK(L38),"",IF(OR(ISBLANK(VLOOKUP(L38&"-"&E38,'Np Quality'!A:M,8,FALSE)),ISERROR(VLOOKUP(L38&"-"&E38,'Np Quality'!A:M,8,FALSE))),"-",VLOOKUP(L38&"-"&E38,'Np Quality'!A:M,8,FALSE))) -> 0.9 | R38: =IF(ISBLANK(L39),"",IF(OR(ISBLANK(VLOOKUP(L39&"-"&E39,'Np Quality'!A:M,9,FALSE)),ISERROR(VLOOKUP(L39&"-"&E39,'Np Quality'!A:M,9,FALSE))),"-",VLOOKUP(L39&"-"&E39,'Np Quality'!A:M,9,FALSE))) -> 0.01 | T38: =IF(ISNUMBER(B38),CHOOSE(B38,L38,L38&","&L39,L38&","&L39&","&L40,L38&","&L39&","&L40&","&L41),"") -> V1-MD1 | U38: =IF(ISNUMBER(B38),CHOOSE(B38,M38,M38&","&M39,M38&","&M39&","&M40,M38&","&M39&","&M40&","&M41),"") -> Konabay | W38: 45710 | X38: =MONTH(W38) -> 2 | Y38: =YEAR(W38) -> 2025
A39: =IF(ISBLANK(H39),"",H39&"-"&IF(OR(LEN(I39)=1,LEN(I39)=4),"0"&I39,I39)&"-"&IF(LEN(G39)=1,"0"&G39,G39)) -> A1-20-01 | B39: =IF(AND(A39<>A38,A39<>""),COUNTIF(A:A,A39),"") -> 1 | C39: Vijaya2 | D39: 45697 | E39: =IF(ISBLANK(D39),"",D39-F39) -> 45697 | F39: 0 | G39: 1 | H39: A1 | I39: 20 | J39: Np4 | K39: Vijaya1 | L39: V1-MD1 | M39: Konabay | N39: 0.83333333 | O39: =IF(ISBLANK(L39),"",IF(OR(ISBLANK(VLOOKUP(L39&"-"&E39,'Np Quality'!A:M,6,FALSE)),ISERROR(VLOOKUP(L39&"-"&E39,'Np Quality'!A:M,6,FALSE))),"-",VLOOKUP(L39&"-"&E39,'Np Quality'!A:M,6,FALSE))) -> Np4 | P39: =IF(ISBLANK(L39),"",IF(OR(ISBLANK(VLOOKUP(L39&"-"&E39,'Np Quality'!A:M,7,FALSE)),ISERROR(VLOOKUP(L39&"-"&E39,'Np Quality'!A:M,7,FALSE))),"-",VLOOKUP(L39&"-"&E39,'Np Quality'!A:M,7,FALSE))) -> 0.9 | Q39: =IF(ISBLANK(L39),"",IF(OR(ISBLANK(VLOOKUP(L39&"-"&E39,'Np Quality'!A:M,8,FALSE)),ISERROR(VLOOKUP(L39&"-"&E39,'Np Quality'!A:M,8,FALSE))),"-",VLOOKUP(L39&"-"&E39,'Np Quality'!A:M,8,FALSE))) -> 0.9 | R39: =IF(ISBLANK(L39),"",IF(OR(ISBLANK(VLOOKUP(L39&"-"&E39,'Np Quality'!A:M,9,FALSE)),ISERROR(VLOOKUP(L39&"-"&E39,'Np Quality'!A:M,9,FALSE))),"-",VLOOKUP(L39&"-"&E39,'Np Quality'!A:M,9,FALSE))) -> 0.01 | T39: =IF(ISNUMBER(B39),CHOOSE(B39,L39,L39&","&L40,L39&","&L40&","&L41,L39&","&L40&","&L41&","&L42),"") -> V1-MD1 | U39: =IF(ISNUMBER(B39),CHOOSE(B39,M39,M39&","&M40,M39&","&M40&","&M41,M39&","&M40&","&M41&","&M42),"") -> Konabay | W39: 45710 | X39: =MONTH(W39) -> 2 | Y39: =YEAR(W39) -> 2025
A40: =IF(ISBLANK(H40),"",H40&"-"&IF(OR(LEN(I40)=1,LEN(I40)=4),"0"&I40,I40)&"-"&IF(LEN(G40)=1,"0"&G40,G40)) -> B1-01-01 | B40: =IF(AND(A40<>A39,A40<>""),COUNTIF(A:A,A40),"") -> 1 | C40: Vijaya2 | D40: 45699 | E40: =IF(ISBLANK(D40),"",D40-F40) -> 45699 | F40: 0 | G40: 1 | H40: B1 | I40: 1 | J40: Np4 | K40: Pondy1 | L40: PD-MA1 | M40: Konabay | N40: 1.5 | O40: =IF(ISBLANK(L40),"",IF(OR(ISBLANK(VLOOKUP(L40&"-"&E40,'Np Quality'!A:M,6,FALSE)),ISERROR(VLOOKUP(L40&"-"&E40,'Np Quality'!A:M,6,FALSE))),"-",VLOOKUP(L40&"-"&E40,'Np Quality'!A:M,6,FALSE))) -> Np4 | P40: =IF(ISBLANK(L40),"",IF(OR(ISBLANK(VLOOKUP(L40&"-"&E40,'Np Quality'!A:M,7,FALSE)),ISERROR(VLOOKUP(L40&"-"&E40,'Np Quality'!A:M,7,FALSE))),"-",VLOOKUP(L40&"-"&E40,'Np Quality'!A:M,7,FALSE))) -> - | Q40: =IF(ISBLANK(L40),"",IF(OR(ISBLANK(VLOOKUP(L40&"-"&E40,'Np Quality'!A:M,8,FALSE)),ISERROR(VLOOKUP(L40&"-"&E40,'Np Quality'!A:M,8,FALSE))),"-",VLOOKUP(L40&"-"&E40,'Np Quality'!A:M,8,FALSE))) -> - | R40: =IF(ISBLANK(L40),"",IF(OR(ISBLANK(VLOOKUP(L40&"-"&E40,'Np Quality'!A:M,9,FALSE)),ISERROR(VLOOKUP(L40&"-"&E40,'Np Quality'!A:M,9,FALSE))),"-",VLOOKUP(L40&"-"&E40,'Np Quality'!A:M,9,FALSE))) -> 0.01 | T40: =IF(ISNUMBER(B40),CHOOSE(B40,L40,L40&","&L41,L40&","&L41&","&L42,L40&","&L41&","&L42&","&L43),"") -> PD-MA1 | U40: =IF(ISNUMBER(B40),CHOOSE(B40,M40,M40&","&M41,M40&","&M41&","&M42,M40&","&M41&","&M42&","&M43),"") -> Konabay | W40: 45712 | X40: =MONTH(W40) -> 2 | Y40: =YEAR(W40) -> 2025
A41: =IF(ISBLANK(H41),"",H41&"-"&IF(OR(LEN(I41)=1,LEN(I41)=4),"0"&I41,I41)&"-"&IF(LEN(G41)=1,"0"&G41,G41)) -> B1-02-01 | B41: =IF(AND(A41<>A40,A41<>""),COUNTIF(A:A,A41),"") -> 1 | C41: Vijaya2 | D41: 45699 | E41: =IF(ISBLANK(D41),"",D41-F41) -> 45699 | F41: 0 | G41: 1 | H41: B1 | I41: 2 | J41: Np4 | K41: Pondy1 | L41: PD-MA1 | M41: Konabay | N41: 1.5 | O41: =IF(ISBLANK(L41),"",IF(OR(ISBLANK(VLOOKUP(L41&"-"&E41,'Np Quality'!A:M,6,FALSE)),ISERROR(VLOOKUP(L41&"-"&E41,'Np Quality'!A:M,6,FALSE))),"-",VLOOKUP(L41&"-"&E41,'Np Quality'!A:M,6,FALSE))) -> Np4 | P41: =IF(ISBLANK(L41),"",IF(OR(ISBLANK(VLOOKUP(L41&"-"&E41,'Np Quality'!A:M,7,FALSE)),ISERROR(VLOOKUP(L41&"-"&E41,'Np Quality'!A:M,7,FALSE))),"-",VLOOKUP(L41&"-"&E41,'Np Quality'!A:M,7,FALSE))) -> - | Q41: =IF(ISBLANK(L41),"",IF(OR(ISBLANK(VLOOKUP(L41&"-"&E41,'Np Quality'!A:M,8,FALSE)),ISERROR(VLOOKUP(L41&"-"&E41,'Np Quality'!A:M,8,FALSE))),"-",VLOOKUP(L41&"-"&E41,'Np Quality'!A:M,8,FALSE))) -> - | R41: =IF(ISBLANK(L41),"",IF(OR(ISBLANK(VLOOKUP(L41&"-"&E41,'Np Quality'!A:M,9,FALSE)),ISERROR(VLOOKUP(L41&"-"&E41,'Np Quality'!A:M,9,FALSE))),"-",VLOOKUP(L41&"-"&E41,'Np Quality'!A:M,9,FALSE))) -> 0.01 | T41: =IF(ISNUMBER(B41),CHOOSE(B41,L41,L41&","&L42,L41&","&L42&","&L43,L41&","&L42&","&L43&","&L44),"") -> PD-MA1 | U41: =IF(ISNUMBER(B41),CHOOSE(B41,M41,M41&","&M42,M41&","&M42&","&M43,M41&","&M42&","&M43&","&M44),"") -> Konabay | W41: 45713 | X41: =MONTH(W41) -> 2 | Y41: =YEAR(W41) -> 2025
A42: =IF(ISBLANK(H42),"",H42&"-"&IF(OR(LEN(I42)=1,LEN(I42)=4),"0"&I42,I42)&"-"&IF(LEN(G42)=1,"0"&G42,G42)) -> B1-03-01 | B42: =IF(AND(A42<>A41,A42<>""),COUNTIF(A:A,A42),"") -> 1 | C42: Vijaya2 | D42: 45699 | E42: =IF(ISBLANK(D42),"",D42-F42) -> 45699 | F42: 0 | G42: 1 | H42: B1 | I42: 3 | J42: Np4 | K42: Pondy1 | L42: PD-MA1 | M42: Konabay | N42: 1.5 | O42: =IF(ISBLANK(L42),"",IF(OR(ISBLANK(VLOOKUP(L42&"-"&E42,'Np Quality'!A:M,6,FALSE)),ISERROR(VLOOKUP(L42&"-"&E42,'Np Quality'!A:M,6,FALSE))),"-",VLOOKUP(L42&"-"&E42,'Np Quality'!A:M,6,FALSE))) -> Np4 | P42: =IF(ISBLANK(L42),"",IF(OR(ISBLANK(VLOOKUP(L42&"-"&E42,'Np Quality'!A:M,7,FALSE)),ISERROR(VLOOKUP(L42&"-"&E42,'Np Quality'!A:M,7,FALSE))),"-",VLOOKUP(L42&"-"&E42,'Np Quality'!A:M,7,FALSE))) -> - | Q42: =IF(ISBLANK(L42),"",IF(OR(ISBLANK(VLOOKUP(L42&"-"&E42,'Np Quality'!A:M,8,FALSE)),ISERROR(VLOOKUP(L42&"-"&E42,'Np Quality'!A:M,8,FALSE))),"-",VLOOKUP(L42&"-"&E42,'Np Quality'!A:M,8,FALSE))) -> - | R42: =IF(ISBLANK(L42),"",IF(OR(ISBLANK(VLOOKUP(L42&"-"&E42,'Np Quality'!A:M,9,FALSE)),ISERROR(VLOOKUP(L42&"-"&E42,'Np Quality'!A:M,9,FALSE))),"-",VLOOKUP(L42&"-"&E42,'Np Quality'!A:M,9,FALSE))) -> 0.01 | T42: =IF(ISNUMBER(B42),CHOOSE(B42,L42,L42&","&L43,L42&","&L43&","&L44,L42&","&L43&","&L44&","&L45),"") -> PD-MA1 | U42: =IF(ISNUMBER(B42),CHOOSE(B42,M42,M42&","&M43,M42&","&M43&","&M44,M42&","&M43&","&M44&","&M45),"") -> Konabay | W42: 45713 | X42: =MONTH(W42) -> 2 | Y42: =YEAR(W42) -> 2025
A43: =IF(ISBLANK(H43),"",H43&"-"&IF(OR(LEN(I43)=1,LEN(I43)=4),"0"&I43,I43)&"-"&IF(LEN(G43)=1,"0"&G43,G43)) -> B1-04-01 | B43: =IF(AND(A43<>A42,A43<>""),COUNTIF(A:A,A43),"") -> 1 | C43: Vijaya2 | D43: 45699 | E43: =IF(ISBLANK(D43),"",D43-F43) -> 45699 | F43: 0 | G43: 1 | H43: B1 | I43: 4 | J43: Np4 | K43: Pondy1 | L43: PD-MA1 | M43: Konabay | N43: 1.5 | O43: =IF(ISBLANK(L43),"",IF(OR(ISBLANK(VLOOKUP(L43&"-"&E43,'Np Quality'!A:M,6,FALSE)),ISERROR(VLOOKUP(L43&"-"&E43,'Np Quality'!A:M,6,FALSE))),"-",VLOOKUP(L43&"-"&E43,'Np Quality'!A:M,6,FALSE))) -> Np4 | P43: =IF(ISBLANK(L43),"",IF(OR(ISBLANK(VLOOKUP(L43&"-"&E43,'Np Quality'!A:M,7,FALSE)),ISERROR(VLOOKUP(L43&"-"&E43,'Np Quality'!A:M,7,FALSE))),"-",VLOOKUP(L43&"-"&E43,'Np Quality'!A:M,7,FALSE))) -> - | Q43: =IF(ISBLANK(L43),"",IF(OR(ISBLANK(VLOOKUP(L43&"-"&E43,'Np Quality'!A:M,8,FALSE)),ISERROR(VLOOKUP(L43&"-"&E43,'Np Quality'!A:M,8,FALSE))),"-",VLOOKUP(L43&"-"&E43,'Np Quality'!A:M,8,FALSE))) -> - | R43: =IF(ISBLANK(L43),"",IF(OR(ISBLANK(VLOOKUP(L43&"-"&E43,'Np Quality'!A:M,9,FALSE)),ISERROR(VLOOKUP(L43&"-"&E43,'Np Quality'!A:M,9,FALSE))),"-",VLOOKUP(L43&"-"&E43,'Np Quality'!A:M,9,FALSE))) -> 0.01 | T43: =IF(ISNUMBER(B43),CHOOSE(B43,L43,L43&","&L44,L43&","&L44&","&L45,L43&","&L44&","&L45&","&L46),"") -> PD-MA1 | U43: =IF(ISNUMBER(B43),CHOOSE(B43,M43,M43&","&M44,M43&","&M44&","&M45,M43&","&M44&","&M45&","&M46),"") -> Konabay | W43: 45713 | X43: =MONTH(W43) -> 2 | Y43: =YEAR(W43) -> 2025
A44: =IF(ISBLANK(H44),"",H44&"-"&IF(OR(LEN(I44)=1,LEN(I44)=4),"0"&I44,I44)&"-"&IF(LEN(G44)=1,"0"&G44,G44)) -> B1-05-01 | B44: =IF(AND(A44<>A43,A44<>""),COUNTIF(A:A,A44),"") -> 1 | C44: Vijaya2 | D44: 45699 | E44: =IF(ISBLANK(D44),"",D44-F44) -> 45699 | F44: 0 | G44: 1 | H44: B1 | I44: 5 | J44: Np4 | K44: Vijaya1 | L44: V1-MB1 | M44: SIS | N44: 1 | O44: =IF(ISBLANK(L44),"",IF(OR(ISBLANK(VLOOKUP(L44&"-"&E44,'Np Quality'!A:M,6,FALSE)),ISERROR(VLOOKUP(L44&"-"&E44,'Np Quality'!A:M,6,FALSE))),"-",VLOOKUP(L44&"-"&E44,'Np Quality'!A:M,6,FALSE))) -> Np4 | P44: =IF(ISBLANK(L44),"",IF(OR(ISBLANK(VLOOKUP(L44&"-"&E44,'Np Quality'!A:M,7,FALSE)),ISERROR(VLOOKUP(L44&"-"&E44,'Np Quality'!A:M,7,FALSE))),"-",VLOOKUP(L44&"-"&E44,'Np Quality'!A:M,7,FALSE))) -> 0.9 | Q44: =IF(ISBLANK(L44),"",IF(OR(ISBLANK(VLOOKUP(L44&"-"&E44,'Np Quality'!A:M,8,FALSE)),ISERROR(VLOOKUP(L44&"-"&E44,'Np Quality'!A:M,8,FALSE))),"-",VLOOKUP(L44&"-"&E44,'Np Quality'!A:M,8,FALSE))) -> 0.9 | R44: =IF(ISBLANK(L44),"",IF(OR(ISBLANK(VLOOKUP(L44&"-"&E44,'Np Quality'!A:M,9,FALSE)),ISERROR(VLOOKUP(L44&"-"&E44,'Np Quality'!A:M,9,FALSE))),"-",VLOOKUP(L44&"-"&E44,'Np Quality'!A:M,9,FALSE))) -> 0 | T44: =IF(ISNUMBER(B44),CHOOSE(B44,L44,L44&","&L45,L44&","&L45&","&L46,L44&","&L45&","&L46&","&L47),"") -> V1-MB1 | U44: =IF(ISNUMBER(B44),CHOOSE(B44,M44,M44&","&M45,M44&","&M45&","&M46,M44&","&M45&","&M46&","&M47),"") -> SIS | W44: 45712 | X44: =MONTH(W44) -> 2 | Y44: =YEAR(W44) -> 2025
A45: =IF(ISBLANK(H45),"",H45&"-"&IF(OR(LEN(I45)=1,LEN(I45)=4),"0"&I45,I45)&"-"&IF(LEN(G45)=1,"0"&G45,G45)) -> B1-06-01 | B45: =IF(AND(A45<>A44,A45<>""),COUNTIF(A:A,A45),"") -> 1 | C45: Vijaya2 | D45: 45700 | E45: =IF(ISBLANK(D45),"",D45-F45) -> 45700 | F45: 0 | G45: 1 | H45: B1 | I45: 6 | J45: Np4 | K45: Pondy1 | L45: PD-MA1 | M45: Konabay | N45: 1.5 | O45: =IF(ISBLANK(L46),"",IF(OR(ISBLANK(VLOOKUP(L46&"-"&E46,'Np Quality'!A:M,6,FALSE)),ISERROR(VLOOKUP(L46&"-"&E46,'Np Quality'!A:M,6,FALSE))),"-",VLOOKUP(L46&"-"&E46,'Np Quality'!A:M,6,FALSE))) -> Np4 | P45: =IF(ISBLANK(L45),"",IF(OR(ISBLANK(VLOOKUP(L45&"-"&E45,'Np Quality'!A:M,7,FALSE)),ISERROR(VLOOKUP(L45&"-"&E45,'Np Quality'!A:M,7,FALSE))),"-",VLOOKUP(L45&"-"&E45,'Np Quality'!A:M,7,FALSE))) -> - | Q45: =IF(ISBLANK(L45),"",IF(OR(ISBLANK(VLOOKUP(L45&"-"&E45,'Np Quality'!A:M,8,FALSE)),ISERROR(VLOOKUP(L45&"-"&E45,'Np Quality'!A:M,8,FALSE))),"-",VLOOKUP(L45&"-"&E45,'Np Quality'!A:M,8,FALSE))) -> - | R45: =IF(ISBLANK(L45),"",IF(OR(ISBLANK(VLOOKUP(L45&"-"&E45,'Np Quality'!A:M,9,FALSE)),ISERROR(VLOOKUP(L45&"-"&E45,'Np Quality'!A:M,9,FALSE))),"-",VLOOKUP(L45&"-"&E45,'Np Quality'!A:M,9,FALSE))) -> 0 | T45: =IF(ISNUMBER(B45),CHOOSE(B45,L45,L45&","&L46,L45&","&L46&","&L47,L45&","&L46&","&L47&","&L48),"") -> PD-MA1 | U45: =IF(ISNUMBER(B45),CHOOSE(B45,M45,M45&","&M46,M45&","&M46&","&M47,M45&","&M46&","&M47&","&M48),"") -> Konabay | W45: 45713 | X45: =MONTH(W45) -> 2 | Y45: =YEAR(W45) -> 2025
A46: =IF(ISBLANK(H46),"",H46&"-"&IF(OR(LEN(I46)=1,LEN(I46)=4),"0"&I46,I46)&"-"&IF(LEN(G46)=1,"0"&G46,G46)) -> B1-07-01 | B46: =IF(AND(A46<>A45,A46<>""),COUNTIF(A:A,A46),"") -> 1 | C46: Vijaya2 | D46: 45700 | E46: =IF(ISBLANK(D46),"",D46-F46) -> 45700 | F46: 0 | G46: 1 | H46: B1 | I46: 7 | J46: Np4 | K46: Pondy1 | L46: PD-MA1 | M46: Konabay | N46: 1.5 | O46: =IF(ISBLANK(L46),"",IF(OR(ISBLANK(VLOOKUP(L46&"-"&E46,'Np Quality'!A:M,6,FALSE)),ISERROR(VLOOKUP(L46&"-"&E46,'Np Quality'!A:M,6,FALSE))),"-",VLOOKUP(L46&"-"&E46,'Np Quality'!A:M,6,FALSE))) -> Np4 | P46: =IF(ISBLANK(L47),"",IF(OR(ISBLANK(VLOOKUP(L47&"-"&E47,'Np Quality'!A:M,7,FALSE)),ISERROR(VLOOKUP(L47&"-"&E47,'Np Quality'!A:M,7,FALSE))),"-",VLOOKUP(L47&"-"&E47,'Np Quality'!A:M,7,FALSE))) -> 0.9 | Q46: =IF(ISBLANK(L46),"",IF(OR(ISBLANK(VLOOKUP(L46&"-"&E46,'Np Quality'!A:M,8,FALSE)),ISERROR(VLOOKUP(L46&"-"&E46,'Np Quality'!A:M,8,FALSE))),"-",VLOOKUP(L46&"-"&E46,'Np Quality'!A:M,8,FALSE))) -> - | R46: =IF(ISBLANK(L46),"",IF(OR(ISBLANK(VLOOKUP(L46&"-"&E46,'Np Quality'!A:M,9,FALSE)),ISERROR(VLOOKUP(L46&"-"&E46,'Np Quality'!A:M,9,FALSE))),"-",VLOOKUP(L46&"-"&E46,'Np Quality'!A:M,9,FALSE))) -> 0 | T46: =IF(ISNUMBER(B46),CHOOSE(B46,L46,L46&","&L47,L46&","&L47&","&L48,L46&","&L47&","&L48&","&L49),"") -> PD-MA1 | U46: =IF(ISNUMBER(B46),CHOOSE(B46,M46,M46&","&M47,M46&","&M47&","&M48,M46&","&M47&","&M48&","&M49),"") -> Konabay | W46: 45713 | X46: =MONTH(W46) -> 2 | Y46: =YEAR(W46) -> 2025
A47: =IF(ISBLANK(H47),"",H47&"-"&IF(OR(LEN(I47)=1,LEN(I47)=4),"0"&I47,I47)&"-"&IF(LEN(G47)=1,"0"&G47,G47)) -> B1-08-01 | B47: =IF(AND(A47<>A46,A47<>""),COUNTIF(A:A,A47),"") -> 1 | C47: Vijaya2 | D47: 45700 | E47: =IF(ISBLANK(D47),"",D47-F47) -> 45700 | F47: 0 | G47: 1 | H47: B1 | I47: 8 | J47: Np4 | K47: Vijaya1 | L47: V1-MD1 | M47: Konabay | N47: 1.5 | O47: =IF(ISBLANK(L47),"",IF(OR(ISBLANK(VLOOKUP(L47&"-"&E47,'Np Quality'!A:M,6,FALSE)),ISERROR(VLOOKUP(L47&"-"&E47,'Np Quality'!A:M,6,FALSE))),"-",VLOOKUP(L47&"-"&E47,'Np Quality'!A:M,6,FALSE))) -> Np4 | P47: =IF(ISBLANK(L47),"",IF(OR(ISBLANK(VLOOKUP(L47&"-"&E47,'Np Quality'!A:M,7,FALSE)),ISERROR(VLOOKUP(L47&"-"&E47,'Np Quality'!A:M,7,FALSE))),"-",VLOOKUP(L47&"-"&E47,'Np Quality'!A:M,7,FALSE))) -> 0.9 | Q47: =IF(ISBLANK(L48),"",IF(OR(ISBLANK(VLOOKUP(L48&"-"&E48,'Np Quality'!A:M,8,FALSE)),ISERROR(VLOOKUP(L48&"-"&E48,'Np Quality'!A:M,8,FALSE))),"-",VLOOKUP(L48&"-"&E48,'Np Quality'!A:M,8,FALSE))) -> 0.9 | R47: =IF(ISBLANK(L47),"",IF(OR(ISBLANK(VLOOKUP(L47&"-"&E47,'Np Quality'!A:M,9,FALSE)),ISERROR(VLOOKUP(L47&"-"&E47,'Np Quality'!A:M,9,FALSE))),"-",VLOOKUP(L47&"-"&E47,'Np Quality'!A:M,9,FALSE))) -> 0 | T47: =IF(ISNUMBER(B47),CHOOSE(B47,L47,L47&","&L48,L47&","&L48&","&L49,L47&","&L48&","&L49&","&L50),"") -> V1-MD1 | U47: =IF(ISNUMBER(B47),CHOOSE(B47,M47,M47&","&M48,M47&","&M48&","&M49,M47&","&M48&","&M49&","&M50),"") -> Konabay | W47: 45713 | X47: =MONTH(W47) -> 2 | Y47: =YEAR(W47) -> 2025
A48: =IF(ISBLANK(H48),"",H48&"-"&IF(OR(LEN(I48)=1,LEN(I48)=4),"0"&I48,I48)&"-"&IF(LEN(G48)=1,"0"&G48,G48)) -> E1-01-01 | B48: =IF(AND(A48<>A47,A48<>""),COUNTIF(A:A,A48),"") -> 1 | C48: Vijaya2 | D48: 45700 | E48: =IF(ISBLANK(D48),"",D48-F48) -> 45700 | F48: 0 | G48: 1 | H48: E1 | I48: 1 | J48: Np4 | K48: Vijaya1 | L48: V1-MB1 | M48: SIS | N48: 1.1 | O48: =IF(ISBLANK(L48),"",IF(OR(ISBLANK(VLOOKUP(L48&"-"&E48,'Np Quality'!A:M,6,FALSE)),ISERROR(VLOOKUP(L48&"-"&E48,'Np Quality'!A:M,6,FALSE))),"-",VLOOKUP(L48&"-"&E48,'Np Quality'!A:M,6,FALSE))) -> Np4 | P48: =IF(ISBLANK(L48),"",IF(OR(ISBLANK(VLOOKUP(L48&"-"&E48,'Np Quality'!A:M,7,FALSE)),ISERROR(VLOOKUP(L48&"-"&E48,'Np Quality'!A:M,7,FALSE))),"-",VLOOKUP(L48&"-"&E48,'Np Quality'!A:M,7,FALSE))) -> 0.9 | Q48: =IF(ISBLANK(L48),"",IF(OR(ISBLANK(VLOOKUP(L48&"-"&E48,'Np Quality'!A:M,8,FALSE)),ISERROR(VLOOKUP(L48&"-"&E48,'Np Quality'!A:M,8,FALSE))),"-",VLOOKUP(L48&"-"&E48,'Np Quality'!A:M,8,FALSE))) -> 0.9 | R48: =IF(ISBLANK(L49),"",IF(OR(ISBLANK(VLOOKUP(L49&"-"&E49,'Np Quality'!A:M,9,FALSE)),ISERROR(VLOOKUP(L49&"-"&E49,'Np Quality'!A:M,9,FALSE))),"-",VLOOKUP(L49&"-"&E49,'Np Quality'!A:M,9,FALSE))) -> 0.01 | T48: =IF(ISNUMBER(B48),CHOOSE(B48,L48,L48&","&L49,L48&","&L49&","&L50,L48&","&L49&","&L50&","&L51),"") -> V1-MB1 | U48: =IF(ISNUMBER(B48),CHOOSE(B48,M48,M48&","&M49,M48&","&M49&","&M50,M48&","&M49&","&M50&","&M51),"") -> SIS | W48: 45714 | X48: =MONTH(W48) -> 2 | Y48: =YEAR(W48) -> 2025
A49: =IF(ISBLANK(H49),"",H49&"-"&IF(OR(LEN(I49)=1,LEN(I49)=4),"0"&I49,I49)&"-"&IF(LEN(G49)=1,"0"&G49,G49)) -> E1-02-01 | B49: =IF(AND(A49<>A48,A49<>""),COUNTIF(A:A,A49),"") -> 1 | C49: Vijaya2 | D49: 45700 | E49: =IF(ISBLANK(D49),"",D49-F49) -> 45700 | F49: 0 | G49: 1 | H49: E1 | I49: 2 | J49: Np4 | K49: Vijaya1 | L49: V1-MB1 | M49: SIS | N49: 1.1 | O49: =IF(ISBLANK(L49),"",IF(OR(ISBLANK(VLOOKUP(L49&"-"&E49,'Np Quality'!A:M,6,FALSE)),ISERROR(VLOOKUP(L49&"-"&E49,'Np Quality'!A:M,6,FALSE))),"-",VLOOKUP(L49&"-"&E49,'Np Quality'!A:M,6,FALSE))) -> Np4 | P49: =IF(ISBLANK(L49),"",IF(OR(ISBLANK(VLOOKUP(L49&"-"&E49,'Np Quality'!A:M,7,FALSE)),ISERROR(VLOOKUP(L49&"-"&E49,'Np Quality'!A:M,7,FALSE))),"-",VLOOKUP(L49&"-"&E49,'Np Quality'!A:M,7,FALSE))) -> 0.9 | Q49: =IF(ISBLANK(L49),"",IF(OR(ISBLANK(VLOOKUP(L49&"-"&E49,'Np Quality'!A:M,8,FALSE)),ISERROR(VLOOKUP(L49&"-"&E49,'Np Quality'!A:M,8,FALSE))),"-",VLOOKUP(L49&"-"&E49,'Np Quality'!A:M,8,FALSE))) -> 0.9 | R49: =IF(ISBLANK(L49),"",IF(OR(ISBLANK(VLOOKUP(L49&"-"&E49,'Np Quality'!A:M,9,FALSE)),ISERROR(VLOOKUP(L49&"-"&E49,'Np Quality'!A:M,9,FALSE))),"-",VLOOKUP(L49&"-"&E49,'Np Quality'!A:M,9,FALSE))) -> 0.01 | T49: =IF(ISNUMBER(B49),CHOOSE(B49,L49,L49&","&L50,L49&","&L50&","&L51,L49&","&L50&","&L51&","&L52),"") -> V1-MB1 | U49: =IF(ISNUMBER(B49),CHOOSE(B49,M49,M49&","&M50,M49&","&M50&","&M51,M49&","&M50&","&M51&","&M52),"") -> SIS | W49: 45714 | X49: =MONTH(W49) -> 2 | Y49: =YEAR(W49) -> 2025
A50: =IF(ISBLANK(H50),"",H50&"-"&IF(OR(LEN(I50)=1,LEN(I50)=4),"0"&I50,I50)&"-"&IF(LEN(G50)=1,"0"&G50,G50)) -> E1-03-01 | B50: =IF(AND(A50<>A49,A50<>""),COUNTIF(A:A,A50),"") -> 1 | C50: Vijaya2 | D50: 45700 | E50: =IF(ISBLANK(D50),"",D50-F50) -> 45700 | F50: 0 | G50: 1 | H50: E1 | I50: 3 | J50: Np4 | K50: Vijaya1 | L50: V1-MB1 | M50: SIS | N50: 1.1 | O50: =IF(ISBLANK(L60),"",IF(OR(ISBLANK(VLOOKUP(L60&"-"&E60,'Np Quality'!A:M,6,FALSE)),ISERROR(VLOOKUP(L60&"-"&E60,'Np Quality'!A:M,6,FALSE))),"-",VLOOKUP(L60&"-"&E60,'Np Quality'!A:M,6,FALSE))) -> Np4 | P50: =IF(ISBLANK(L50),"",IF(OR(ISBLANK(VLOOKUP(L50&"-"&E50,'Np Quality'!A:M,7,FALSE)),ISERROR(VLOOKUP(L50&"-"&E50,'Np Quality'!A:M,7,FALSE))),"-",VLOOKUP(L50&"-"&E50,'Np Quality'!A:M,7,FALSE))) -> 0.9 | Q50: =IF(ISBLANK(L50),"",IF(OR(ISBLANK(VLOOKUP(L50&"-"&E50,'Np Quality'!A:M,8,FALSE)),ISERROR(VLOOKUP(L50&"-"&E50,'Np Quality'!A:M,8,FALSE))),"-",VLOOKUP(L50&"-"&E50,'Np Quality'!A:M,8,FALSE))) -> 0.9 | R50: =IF(ISBLANK(L50),"",IF(OR(ISBLANK(VLOOKUP(L50&"-"&E50,'Np Quality'!A:M,9,FALSE)),ISERROR(VLOOKUP(L50&"-"&E50,'Np Quality'!A:M,9,FALSE))),"-",VLOOKUP(L50&"-"&E50,'Np Quality'!A:M,9,FALSE))) -> 0.01 | T50: =IF(ISNUMBER(B50),CHOOSE(B50,L50,L50&","&L51,L50&","&L51&","&L52,L50&","&L51&","&L52&","&L53),"") -> V1-MB1 | U50: =IF(ISNUMBER(B50),CHOOSE(B50,M50,M50&","&M51,M50&","&M51&","&M52,M50&","&M51&","&M52&","&M53),"") -> SIS | W50: 45714 | X50: =MONTH(W50) -> 2 | Y50: =YEAR(W50) -> 2025
A51: =IF(ISBLANK(H51),"",H51&"-"&IF(OR(LEN(I51)=1,LEN(I51)=4),"0"&I51,I51)&"-"&IF(LEN(G51)=1,"0"&G51,G51)) -> E1-04-01 | B51: =IF(AND(A51<>A50,A51<>""),COUNTIF(A:A,A51),"") -> 1 | C51: Vijaya2 | D51: 45700 | E51: =IF(ISBLANK(D51),"",D51-F51) -> 45700 | F51: 0 | G51: 1 | H51: E1 | I51: 4 | J51: Np4 | K51: Vijaya1 | L51: V1-MB1 | M51: SIS | N51: 1.1 | O51: =IF(ISBLANK(L61),"",IF(OR(ISBLANK(VLOOKUP(L61&"-"&E61,'Np Quality'!A:M,6,FALSE)),ISERROR(VLOOKUP(L61&"-"&E61,'Np Quality'!A:M,6,FALSE))),"-",VLOOKUP(L61&"-"&E61,'Np Quality'!A:M,6,FALSE))) -> Np4 | P51: =IF(ISBLANK(L51),"",IF(OR(ISBLANK(VLOOKUP(L51&"-"&E51,'Np Quality'!A:M,7,FALSE)),ISERROR(VLOOKUP(L51&"-"&E51,'Np Quality'!A:M,7,FALSE))),"-",VLOOKUP(L51&"-"&E51,'Np Quality'!A:M,7,FALSE))) -> 0.9 | Q51: =IF(ISBLANK(L51),"",IF(OR(ISBLANK(VLOOKUP(L51&"-"&E51,'Np Quality'!A:M,8,FALSE)),ISERROR(VLOOKUP(L51&"-"&E51,'Np Quality'!A:M,8,FALSE))),"-",VLOOKUP(L51&"-"&E51,'Np Quality'!A:M,8,FALSE))) -> 0.9 | R51: =IF(ISBLANK(L51),"",IF(OR(ISBLANK(VLOOKUP(L51&"-"&E51,'Np Quality'!A:M,9,FALSE)),ISERROR(VLOOKUP(L51&"-"&E51,'Np Quality'!A:M,9,FALSE))),"-",VLOOKUP(L51&"-"&E51,'Np Quality'!A:M,9,FALSE))) -> 0.01 | T51: =IF(ISNUMBER(B51),CHOOSE(B51,L51,L51&","&L52,L51&","&L52&","&L53,L51&","&L52&","&L53&","&L54),"") -> V1-MB1 | U51: =IF(ISNUMBER(B51),CHOOSE(B51,M51,M51&","&M52,M51&","&M52&","&M53,M51&","&M52&","&M53&","&M54),"") -> SIS | W51: 45713 | X51: =MONTH(W51) -> 2 | Y51: =YEAR(W51) -> 2025
A52: =IF(ISBLANK(H52),"",H52&"-"&IF(OR(LEN(I52)=1,LEN(I52)=4),"0"&I52,I52)&"-"&IF(LEN(G52)=1,"0"&G52,G52)) -> E1-05-01 | B52: =IF(AND(A52<>A51,A52<>""),COUNTIF(A:A,A52),"") -> 1 | C52: Vijaya2 | D52: 45700 | E52: =IF(ISBLANK(D52),"",D52-F52) -> 45700 | F52: 0 | G52: 1 | H52: E1 | I52: 5 | J52: Np4 | K52: Vijaya1 | L52: V1-MB1 | M52: SIS | N52: 1.1 | O52: =IF(ISBLANK(L62),"",IF(OR(ISBLANK(VLOOKUP(L62&"-"&E62,'Np Quality'!A:M,6,FALSE)),ISERROR(VLOOKUP(L62&"-"&E62,'Np Quality'!A:M,6,FALSE))),"-",VLOOKUP(L62&"-"&E62,'Np Quality'!A:M,6,FALSE))) -> Np4 | P52: =IF(ISBLANK(L52),"",IF(OR(ISBLANK(VLOOKUP(L52&"-"&E52,'Np Quality'!A:M,7,FALSE)),ISERROR(VLOOKUP(L52&"-"&E52,'Np Quality'!A:M,7,FALSE))),"-",VLOOKUP(L52&"-"&E52,'Np Quality'!A:M,7,FALSE))) -> 0.9 | Q52: =IF(ISBLANK(L52),"",IF(OR(ISBLANK(VLOOKUP(L52&"-"&E52,'Np Quality'!A:M,8,FALSE)),ISERROR(VLOOKUP(L52&"-"&E52,'Np Quality'!A:M,8,FALSE))),"-",VLOOKUP(L52&"-"&E52,'Np Quality'!A:M,8,FALSE))) -> 0.9 | R52: =IF(ISBLANK(L52),"",IF(OR(ISBLANK(VLOOKUP(L52&"-"&E52,'Np Quality'!A:M,9,FALSE)),ISERROR(VLOOKUP(L52&"-"&E52,'Np Quality'!A:M,9,FALSE))),"-",VLOOKUP(L52&"-"&E52,'Np Quality'!A:M,9,FALSE))) -> 0.01 | T52: =IF(ISNUMBER(B52),CHOOSE(B52,L52,L52&","&L53,L52&","&L53&","&L54,L52&","&L53&","&L54&","&L55),"") -> V1-MB1 | U52: =IF(ISNUMBER(B52),CHOOSE(B52,M52,M52&","&M53,M52&","&M53&","&M54,M52&","&M53&","&M54&","&M55),"") -> SIS | W52: 45714 | X52: =MONTH(W52) -> 2 | Y52: =YEAR(W52) -> 2025
A53: =IF(ISBLANK(H53),"",H53&"-"&IF(OR(LEN(I53)=1,LEN(I53)=4),"0"&I53,I53)&"-"&IF(LEN(G53)=1,"0"&G53,G53)) -> E1-06-01 | B53: =IF(AND(A53<>A52,A53<>""),COUNTIF(A:A,A53),"") -> 1 | C53: Vijaya2 | D53: 45700 | E53: =IF(ISBLANK(D53),"",D53-F53) -> 45700 | F53: 0 | G53: 1 | H53: E1 | I53: 6 | J53: Np4 | K53: Vijaya1 | L53: V1-MD1 | M53: Konabay | N53: 1 | O53: =IF(ISBLANK(L63),"",IF(OR(ISBLANK(VLOOKUP(L63&"-"&E63,'Np Quality'!A:M,6,FALSE)),ISERROR(VLOOKUP(L63&"-"&E63,'Np Quality'!A:M,6,FALSE))),"-",VLOOKUP(L63&"-"&E63,'Np Quality'!A:M,6,FALSE))) -> Np4 | P53: =IF(ISBLANK(L53),"",IF(OR(ISBLANK(VLOOKUP(L53&"-"&E53,'Np Quality'!A:M,7,FALSE)),ISERROR(VLOOKUP(L53&"-"&E53,'Np Quality'!A:M,7,FALSE))),"-",VLOOKUP(L53&"-"&E53,'Np Quality'!A:M,7,FALSE))) -> 0.9 | Q53: =IF(ISBLANK(L53),"",IF(OR(ISBLANK(VLOOKUP(L53&"-"&E53,'Np Quality'!A:M,8,FALSE)),ISERROR(VLOOKUP(L53&"-"&E53,'Np Quality'!A:M,8,FALSE))),"-",VLOOKUP(L53&"-"&E53,'Np Quality'!A:M,8,FALSE))) -> 0.9 | R53: =IF(ISBLANK(L53),"",IF(OR(ISBLANK(VLOOKUP(L53&"-"&E53,'Np Quality'!A:M,9,FALSE)),ISERROR(VLOOKUP(L53&"-"&E53,'Np Quality'!A:M,9,FALSE))),"-",VLOOKUP(L53&"-"&E53,'Np Quality'!A:M,9,FALSE))) -> 0 | T53: =IF(ISNUMBER(B53),CHOOSE(B53,L53,L53&","&L54,L53&","&L54&","&L55,L53&","&L54&","&L55&","&L56),"") -> V1-MD1 | U53: =IF(ISNUMBER(B53),CHOOSE(B53,M53,M53&","&M54,M53&","&M54&","&M55,M53&","&M54&","&M55&","&M56),"") -> Konabay | W53: 45714 | X53: =MONTH(W53) -> 2 | Y53: =YEAR(W53) -> 2025
A54: =IF(ISBLANK(H54),"",H54&"-"&IF(OR(LEN(I54)=1,LEN(I54)=4),"0"&I54,I54)&"-"&IF(LEN(G54)=1,"0"&G54,G54)) -> E1-07-01 | B54: =IF(AND(A54<>A53,A54<>""),COUNTIF(A:A,A54),"") -> 1 | C54: Vijaya2 | D54: 45700 | E54: =IF(ISBLANK(D54),"",D54-F54) -> 45700 | F54: 0 | G54: 1 | H54: E1 | I54: 7 | J54: Np4 | K54: Vijaya1 | L54: V1-MD1 | M54: Konabay | N54: 1 | O54: =IF(ISBLANK(L64),"",IF(OR(ISBLANK(VLOOKUP(L64&"-"&E64,'Np Quality'!A:M,6,FALSE)),ISERROR(VLOOKUP(L64&"-"&E64,'Np Quality'!A:M,6,FALSE))),"-",VLOOKUP(L64&"-"&E64,'Np Quality'!A:M,6,FALSE))) -> Np4 | P54: =IF(ISBLANK(L54),"",IF(OR(ISBLANK(VLOOKUP(L54&"-"&E54,'Np Quality'!A:M,7,FALSE)),ISERROR(VLOOKUP(L54&"-"&E54,'Np Quality'!A:M,7,FALSE))),"-",VLOOKUP(L54&"-"&E54,'Np Quality'!A:M,7,FALSE))) -> 0.9 | Q54: =IF(ISBLANK(L54),"",IF(OR(ISBLANK(VLOOKUP(L54&"-"&E54,'Np Quality'!A:M,8,FALSE)),ISERROR(VLOOKUP(L54&"-"&E54,'Np Quality'!A:M,8,FALSE))),"-",VLOOKUP(L54&"-"&E54,'Np Quality'!A:M,8,FALSE))) -> 0.9 | R54: =IF(ISBLANK(L54),"",IF(OR(ISBLANK(VLOOKUP(L54&"-"&E54,'Np Quality'!A:M,9,FALSE)),ISERROR(VLOOKUP(L54&"-"&E54,'Np Quality'!A:M,9,FALSE))),"-",VLOOKUP(L54&"-"&E54,'Np Quality'!A:M,9,FALSE))) -> 0 | T54: =IF(ISNUMBER(B54),CHOOSE(B54,L54,L54&","&L55,L54&","&L55&","&L56,L54&","&L55&","&L56&","&L57),"") -> V1-MD1 | U54: =IF(ISNUMBER(B54),CHOOSE(B54,M54,M54&","&M55,M54&","&M55&","&M56,M54&","&M55&","&M56&","&M57),"") -> Konabay | W54: 45715 | X54: =MONTH(W54) -> 2 | Y54: =YEAR(W54) -> 2025
A55: =IF(ISBLANK(H55),"",H55&"-"&IF(OR(LEN(I55)=1,LEN(I55)=4),"0"&I55,I55)&"-"&IF(LEN(G55)=1,"0"&G55,G55)) -> E1-08-01 | B55: =IF(AND(A55<>A54,A55<>""),COUNTIF(A:A,A55),"") -> 1 | C55: Vijaya2 | D55: 45701 | E55: =IF(ISBLANK(D55),"",D55-F55) -> 45701 | F55: 0 | G55: 1 | H55: E1 | I55: 8 | J55: Np4 | K55: Vijaya1 | L55: V1-MD1 | M55: Konabay | N55: 1 | O55: =IF(ISBLANK(L66),"",IF(OR(ISBLANK(VLOOKUP(L66&"-"&E66,'Np Quality'!A:M,6,FALSE)),ISERROR(VLOOKUP(L66&"-"&E66,'Np Quality'!A:M,6,FALSE))),"-",VLOOKUP(L66&"-"&E66,'Np Quality'!A:M,6,FALSE))) -> Np4 | P55: =IF(ISBLANK(L55),"",IF(OR(ISBLANK(VLOOKUP(L55&"-"&E55,'Np Quality'!A:M,7,FALSE)),ISERROR(VLOOKUP(L55&"-"&E55,'Np Quality'!A:M,7,FALSE))),"-",VLOOKUP(L55&"-"&E55,'Np Quality'!A:M,7,FALSE))) -> 0.9 | Q55: =IF(ISBLANK(L55),"",IF(OR(ISBLANK(VLOOKUP(L55&"-"&E55,'Np Quality'!A:M,8,FALSE)),ISERROR(VLOOKUP(L55&"-"&E55,'Np Quality'!A:M,8,FALSE))),"-",VLOOKUP(L55&"-"&E55,'Np Quality'!A:M,8,FALSE))) -> 0.9 | R55: =IF(ISBLANK(L55),"",IF(OR(ISBLANK(VLOOKUP(L55&"-"&E55,'Np Quality'!A:M,9,FALSE)),ISERROR(VLOOKUP(L55&"-"&E55,'Np Quality'!A:M,9,FALSE))),"-",VLOOKUP(L55&"-"&E55,'Np Quality'!A:M,9,FALSE))) -> 0 | T55: =IF(ISNUMBER(B55),CHOOSE(B55,L55,L55&","&L56,L55&","&L56&","&L57,L55&","&L56&","&L57&","&L58),"") -> V1-MD1 | U55: =IF(ISNUMBER(B55),CHOOSE(B55,M55,M55&","&M56,M55&","&M56&","&M57,M55&","&M56&","&M57&","&M58),"") -> Konabay | W55: 45715 | X55: =MONTH(W55) -> 2 | Y55: =YEAR(W55) -> 2025
A56: =IF(ISBLANK(H56),"",H56&"-"&IF(OR(LEN(I56)=1,LEN(I56)=4),"0"&I56,I56)&"-"&IF(LEN(G56)=1,"0"&G56,G56)) -> E1-09-01 | B56: =IF(AND(A56<>A55,A56<>""),COUNTIF(A:A,A56),"") -> 1 | C56: Vijaya2 | D56: 45701 | E56: =IF(ISBLANK(D56),"",D56-F56) -> 45701 | F56: 0 | G56: 1 | H56: E1 | I56: 9 | J56: Np4 | K56: Vijaya1 | L56: V1-MD1 | M56: Konabay | N56: 1 | O56: =IF(ISBLANK(L66),"",IF(OR(ISBLANK(VLOOKUP(L66&"-"&E66,'Np Quality'!A:M,6,FALSE)),ISERROR(VLOOKUP(L66&"-"&E66,'Np Quality'!A:M,6,FALSE))),"-",VLOOKUP(L66&"-"&E66,'Np Quality'!A:M,6,FALSE))) -> Np4 | P56: =IF(ISBLANK(L57),"",IF(OR(ISBLANK(VLOOKUP(L57&"-"&E57,'Np Quality'!A:M,7,FALSE)),ISERROR(VLOOKUP(L57&"-"&E57,'Np Quality'!A:M,7,FALSE))),"-",VLOOKUP(L57&"-"&E57,'Np Quality'!A:M,7,FALSE))) -> 0.9 | Q56: =IF(ISBLANK(L56),"",IF(OR(ISBLANK(VLOOKUP(L56&"-"&E56,'Np Quality'!A:M,8,FALSE)),ISERROR(VLOOKUP(L56&"-"&E56,'Np Quality'!A:M,8,FALSE))),"-",VLOOKUP(L56&"-"&E56,'Np Quality'!A:M,8,FALSE))) -> 0.9 | R56: =IF(ISBLANK(L56),"",IF(OR(ISBLANK(VLOOKUP(L56&"-"&E56,'Np Quality'!A:M,9,FALSE)),ISERROR(VLOOKUP(L56&"-"&E56,'Np Quality'!A:M,9,FALSE))),"-",VLOOKUP(L56&"-"&E56,'Np Quality'!A:M,9,FALSE))) -> 0 | T56: =IF(ISNUMBER(B56),CHOOSE(B56,L56,L56&","&L57,L56&","&L57&","&L58,L56&","&L57&","&L58&","&L59),"") -> V1-MD1 | U56: =IF(ISNUMBER(B56),CHOOSE(B56,M56,M56&","&M57,M56&","&M57&","&M58,M56&","&M57&","&M58&","&M59),"") -> Konabay | W56: 45715 | X56: =MONTH(W56) -> 2 | Y56: =YEAR(W56) -> 2025
A57: =IF(ISBLANK(H57),"",H57&"-"&IF(OR(LEN(I57)=1,LEN(I57)=4),"0"&I57,I57)&"-"&IF(LEN(G57)=1,"0"&G57,G57)) -> E1-10-01 | B57: =IF(AND(A57<>A56,A57<>""),COUNTIF(A:A,A57),"") -> 1 | C57: Vijaya2 | D57: 45701 | E57: =IF(ISBLANK(D57),"",D57-F57) -> 45701 | F57: 0 | G57: 1 | H57: E1 | I57: 10 | J57: Np4 | K57: Vijaya1 | L57: V1-MB1 | M57: SIS | N57: 0.8 | O57: =IF(ISBLANK(L67),"",IF(OR(ISBLANK(VLOOKUP(L67&"-"&E67,'Np Quality'!A:M,6,FALSE)),ISERROR(VLOOKUP(L67&"-"&E67,'Np Quality'!A:M,6,FALSE))),"-",VLOOKUP(L67&"-"&E67,'Np Quality'!A:M,6,FALSE))) -> Np4 | P57: =IF(ISBLANK(L57),"",IF(OR(ISBLANK(VLOOKUP(L57&"-"&E57,'Np Quality'!A:M,7,FALSE)),ISERROR(VLOOKUP(L57&"-"&E57,'Np Quality'!A:M,7,FALSE))),"-",VLOOKUP(L57&"-"&E57,'Np Quality'!A:M,7,FALSE))) -> 0.9 | Q57: =IF(ISBLANK(L58),"",IF(OR(ISBLANK(VLOOKUP(L58&"-"&E58,'Np Quality'!A:M,8,FALSE)),ISERROR(VLOOKUP(L58&"-"&E58,'Np Quality'!A:M,8,FALSE))),"-",VLOOKUP(L58&"-"&E58,'Np Quality'!A:M,8,FALSE))) -> 0.9 | R57: =IF(ISBLANK(L57),"",IF(OR(ISBLANK(VLOOKUP(L57&"-"&E57,'Np Quality'!A:M,9,FALSE)),ISERROR(VLOOKUP(L57&"-"&E57,'Np Quality'!A:M,9,FALSE))),"-",VLOOKUP(L57&"-"&E57,'Np Quality'!A:M,9,FALSE))) -> 0 | T57: =IF(ISNUMBER(B57),CHOOSE(B57,L57,L57&","&L58,L57&","&L58&","&L59,L57&","&L58&","&L59&","&L60),"") -> V1-MB1 | U57: =IF(ISNUMBER(B57),CHOOSE(B57,M57,M57&","&M58,M57&","&M58&","&M59,M57&","&M58&","&M59&","&M60),"") -> SIS | W57: 45715 | X57: =MONTH(W57) -> 2 | Y57: =YEAR(W57) -> 2025
A58: =IF(ISBLANK(H58),"",H58&"-"&IF(OR(LEN(I58)=1,LEN(I58)=4),"0"&I58,I58)&"-"&IF(LEN(G58)=1,"0"&G58,G58)) -> E1-11-01 | B58: =IF(AND(A58<>A57,A58<>""),COUNTIF(A:A,A58),"") -> 1 | C58: Vijaya2 | D58: 45701 | E58: =IF(ISBLANK(D58),"",D58-F58) -> 45701 | F58: 0 | G58: 1 | H58: E1 | I58: 11 | J58: Np4 | K58: Vijaya1 | L58: V1-MB1 | M58: SIS | N58: 0.8 | O58: =IF(ISBLANK(L68),"",IF(OR(ISBLANK(VLOOKUP(L68&"-"&E68,'Np Quality'!A:M,6,FALSE)),ISERROR(VLOOKUP(L68&"-"&E68,'Np Quality'!A:M,6,FALSE))),"-",VLOOKUP(L68&"-"&E68,'Np Quality'!A:M,6,FALSE))) -> Np4 | P58: =IF(ISBLANK(L58),"",IF(OR(ISBLANK(VLOOKUP(L58&"-"&E58,'Np Quality'!A:M,7,FALSE)),ISERROR(VLOOKUP(L58&"-"&E58,'Np Quality'!A:M,7,FALSE))),"-",VLOOKUP(L58&"-"&E58,'Np Quality'!A:M,7,FALSE))) -> 0.9 | Q58: =IF(ISBLANK(L58),"",IF(OR(ISBLANK(VLOOKUP(L58&"-"&E58,'Np Quality'!A:M,8,FALSE)),ISERROR(VLOOKUP(L58&"-"&E58,'Np Quality'!A:M,8,FALSE))),"-",VLOOKUP(L58&"-"&E58,'Np Quality'!A:M,8,FALSE))) -> 0.9 | R58: =IF(ISBLANK(L59),"",IF(OR(ISBLANK(VLOOKUP(L59&"-"&E59,'Np Quality'!A:M,9,FALSE)),ISERROR(VLOOKUP(L59&"-"&E59,'Np Quality'!A:M,9,FALSE))),"-",VLOOKUP(L59&"-"&E59,'Np Quality'!A:M,9,FALSE))) -> 0 | T58: =IF(ISNUMBER(B58),CHOOSE(B58,L58,L58&","&L59,L58&","&L59&","&L60,L58&","&L59&","&L60&","&L61),"") -> V1-MB1 | U58: =IF(ISNUMBER(B58),CHOOSE(B58,M58,M58&","&M59,M58&","&M59&","&M60,M58&","&M59&","&M60&","&M61),"") -> SIS | W58: 45715 | X58: =MONTH(W58) -> 2 | Y58: =YEAR(W58) -> 2025
A59: =IF(ISBLANK(H59),"",H59&"-"&IF(OR(LEN(I59)=1,LEN(I59)=4),"0"&I59,I59)&"-"&IF(LEN(G59)=1,"0"&G59,G59)) -> E1-12-01 | B59: =IF(AND(A59<>A58,A59<>""),COUNTIF(A:A,A59),"") -> 1 | C59: Vijaya2 | D59: 45701 | E59: =IF(ISBLANK(D59),"",D59-F59) -> 45701 | F59: 0 | G59: 1 | H59: E1 | I59: 12 | J59: Np4 | K59: Vijaya1 | L59: V1-MB1 | M59: SIS | N59: 0.9 | O59: =IF(ISBLANK(L69),"",IF(OR(ISBLANK(VLOOKUP(L69&"-"&E69,'Np Quality'!A:M,6,FALSE)),ISERROR(VLOOKUP(L69&"-"&E69,'Np Quality'!A:M,6,FALSE))),"-",VLOOKUP(L69&"-"&E69,'Np Quality'!A:M,6,FALSE))) -> Np4 | P59: =IF(ISBLANK(L59),"",IF(OR(ISBLANK(VLOOKUP(L59&"-"&E59,'Np Quality'!A:M,7,FALSE)),ISERROR(VLOOKUP(L59&"-"&E59,'Np Quality'!A:M,7,FALSE))),"-",VLOOKUP(L59&"-"&E59,'Np Quality'!A:M,7,FALSE))) -> 0.9 | Q59: =IF(ISBLANK(L59),"",IF(OR(ISBLANK(VLOOKUP(L59&"-"&E59,'Np Quality'!A:M,8,FALSE)),ISERROR(VLOOKUP(L59&"-"&E59,'Np Quality'!A:M,8,FALSE))),"-",VLOOKUP(L59&"-"&E59,'Np Quality'!A:M,8,FALSE))) -> 0.9 | R59: =IF(ISBLANK(L59),"",IF(OR(ISBLANK(VLOOKUP(L59&"-"&E59,'Np Quality'!A:M,9,FALSE)),ISERROR(VLOOKUP(L59&"-"&E59,'Np Quality'!A:M,9,FALSE))),"-",VLOOKUP(L59&"-"&E59,'Np Quality'!A:M,9,FALSE))) -> 0 | T59: =IF(ISNUMBER(B59),CHOOSE(B59,L59,L59&","&L60,L59&","&L60&","&L61,L59&","&L60&","&L61&","&L62),"") -> V1-MB1 | U59: =IF(ISNUMBER(B59),CHOOSE(B59,M59,M59&","&M60,M59&","&M60&","&M61,M59&","&M60&","&M61&","&M62),"") -> SIS | W59: 45715 | X59: =MONTH(W59) -> 2 | Y59: =YEAR(W59) -> 2025
A60: =IF(ISBLANK(H60),"",H60&"-"&IF(OR(LEN(I60)=1,LEN(I60)=4),"0"&I60,I60)&"-"&IF(LEN(G60)=1,"0"&G60,G60)) -> C1-01-02 | B60: =IF(AND(A60<>A59,A60<>""),COUNTIF(A:A,A60),"") -> 1 | C60: Vijaya2 | D60: 45705 | E60: =IF(ISBLANK(D60),"",D60-F60) -> 45705 | F60: 0 | G60: 2 | H60: C1 | I60: 1 | J60: Np4 | K60: Vijaya1 | L60: V1-MD1 | M60: Konabay | N60: 1.5 | O60: =IF(ISBLANK(L60),"",IF(OR(ISBLANK(VLOOKUP(L60&"-"&E60,'Np Quality'!A:M,6,FALSE)),ISERROR(VLOOKUP(L60&"-"&E60,'Np Quality'!A:M,6,FALSE))),"-",VLOOKUP(L60&"-"&E60,'Np Quality'!A:M,6,FALSE))) -> Np4 | P60: =IF(ISBLANK(L70),"",IF(OR(ISBLANK(VLOOKUP(L70&"-"&E70,'Np Quality'!A:M,7,FALSE)),ISERROR(VLOOKUP(L70&"-"&E70,'Np Quality'!A:M,7,FALSE))),"-",VLOOKUP(L70&"-"&E70,'Np Quality'!A:M,7,FALSE))) -> - | Q60: =IF(ISBLANK(L60),"",IF(OR(ISBLANK(VLOOKUP(L60&"-"&E60,'Np Quality'!A:M,8,FALSE)),ISERROR(VLOOKUP(L60&"-"&E60,'Np Quality'!A:M,8,FALSE))),"-",VLOOKUP(L60&"-"&E60,'Np Quality'!A:M,8,FALSE))) -> 0.9 | R60: =IF(ISBLANK(L60),"",IF(OR(ISBLANK(VLOOKUP(L60&"-"&E60,'Np Quality'!A:M,9,FALSE)),ISERROR(VLOOKUP(L60&"-"&E60,'Np Quality'!A:M,9,FALSE))),"-",VLOOKUP(L60&"-"&E60,'Np Quality'!A:M,9,FALSE))) -> 0 | T60: =IF(ISNUMBER(B60),CHOOSE(B60,L60,L60&","&L61,L60&","&L61&","&L62,L60&","&L61&","&L62&","&L63),"") -> V1-MD1 | U60: =IF(ISNUMBER(B60),CHOOSE(B60,M60,M60&","&M61,M60&","&M61&","&M62,M60&","&M61&","&M62&","&M63),"") -> Konabay | W60: 45717 | X60: =MONTH(W60) -> 3 | Y60: =YEAR(W60) -> 2025
A61: =IF(ISBLANK(H61),"",H61&"-"&IF(OR(LEN(I61)=1,LEN(I61)=4),"0"&I61,I61)&"-"&IF(LEN(G61)=1,"0"&G61,G61)) -> C1-02-02 | B61: =IF(AND(A61<>A60,A61<>""),COUNTIF(A:A,A61),"") -> 1 | C61: Vijaya2 | D61: 45705 | E61: =IF(ISBLANK(D61),"",D61-F61) -> 45705 | F61: 0 | G61: 2 | H61: C1 | I61: 2 | J61: Np4 | K61: Vijaya1 | L61: V1-MD1 | M61: Konabay | N61: 1.5 | O61: =IF(ISBLANK(L61),"",IF(OR(ISBLANK(VLOOKUP(L61&"-"&E61,'Np Quality'!A:M,6,FALSE)),ISERROR(VLOOKUP(L61&"-"&E61,'Np Quality'!A:M,6,FALSE))),"-",VLOOKUP(L61&"-"&E61,'Np Quality'!A:M,6,FALSE))) -> Np4 | P61: =IF(ISBLANK(L71),"",IF(OR(ISBLANK(VLOOKUP(L71&"-"&E71,'Np Quality'!A:M,7,FALSE)),ISERROR(VLOOKUP(L71&"-"&E71,'Np Quality'!A:M,7,FALSE))),"-",VLOOKUP(L71&"-"&E71,'Np Quality'!A:M,7,FALSE))) -> 0.9 | Q61: =IF(ISBLANK(L61),"",IF(OR(ISBLANK(VLOOKUP(L61&"-"&E61,'Np Quality'!A:M,8,FALSE)),ISERROR(VLOOKUP(L61&"-"&E61,'Np Quality'!A:M,8,FALSE))),"-",VLOOKUP(L61&"-"&E61,'Np Quality'!A:M,8,FALSE))) -> 0.9 | R61: =IF(ISBLANK(L61),"",IF(OR(ISBLANK(VLOOKUP(L61&"-"&E61,'Np Quality'!A:M,9,FALSE)),ISERROR(VLOOKUP(L61&"-"&E61,'Np Quality'!A:M,9,FALSE))),"-",VLOOKUP(L61&"-"&E61,'Np Quality'!A:M,9,FALSE))) -> 0 | T61: =IF(ISNUMBER(B61),CHOOSE(B61,L61,L61&","&L62,L61&","&L62&","&L63,L61&","&L62&","&L63&","&L64),"") -> V1-MD1 | U61: =IF(ISNUMBER(B61),CHOOSE(B61,M61,M61&","&M62,M61&","&M62&","&M63,M61&","&M62&","&M63&","&M64),"") -> Konabay | W61: 45718 | X61: =MONTH(W61) -> 3 | Y61: =YEAR(W61) -> 2025
A62: =IF(ISBLANK(H62),"",H62&"-"&IF(OR(LEN(I62)=1,LEN(I62)=4),"0"&I62,I62)&"-"&IF(LEN(G62)=1,"0"&G62,G62)) -> C1-03-02 | B62: =IF(AND(A62<>A61,A62<>""),COUNTIF(A:A,A62),"") -> 1 | C62: Vijaya2 | D62: 45706 | E62: =IF(ISBLANK(D62),"",D62-F62) -> 45706 | F62: 0 | G62: 2 | H62: C1 | I62: 3 | J62: Np4 | K62: Vijaya1 | L62: V1-MD1 | M62: Konabay | N62: 1.5 | O62: =IF(ISBLANK(L62),"",IF(OR(ISBLANK(VLOOKUP(L62&"-"&E62,'Np Quality'!A:M,6,FALSE)),ISERROR(VLOOKUP(L62&"-"&E62,'Np Quality'!A:M,6,FALSE))),"-",VLOOKUP(L62&"-"&E62,'Np Quality'!A:M,6,FALSE))) -> Np4 | P62: =IF(ISBLANK(L72),"",IF(OR(ISBLANK(VLOOKUP(L72&"-"&E72,'Np Quality'!A:M,7,FALSE)),ISERROR(VLOOKUP(L72&"-"&E72,'Np Quality'!A:M,7,FALSE))),"-",VLOOKUP(L72&"-"&E72,'Np Quality'!A:M,7,FALSE))) -> 0.9 | Q62: =IF(ISBLANK(L62),"",IF(OR(ISBLANK(VLOOKUP(L62&"-"&E62,'Np Quality'!A:M,8,FALSE)),ISERROR(VLOOKUP(L62&"-"&E62,'Np Quality'!A:M,8,FALSE))),"-",VLOOKUP(L62&"-"&E62,'Np Quality'!A:M,8,FALSE))) -> 0.9 | R62: =IF(ISBLANK(L62),"",IF(OR(ISBLANK(VLOOKUP(L62&"-"&E62,'Np Quality'!A:M,9,FALSE)),ISERROR(VLOOKUP(L62&"-"&E62,'Np Quality'!A:M,9,FALSE))),"-",VLOOKUP(L62&"-"&E62,'Np Quality'!A:M,9,FALSE))) -> 0 | T62: =IF(ISNUMBER(B62),CHOOSE(B62,L62,L62&","&L63,L62&","&L63&","&L64,L62&","&L63&","&L64&","&L65),"") -> V1-MD1 | U62: =IF(ISNUMBER(B62),CHOOSE(B62,M62,M62&","&M63,M62&","&M63&","&M64,M62&","&M63&","&M64&","&M65),"") -> Konabay | W62: 45718 | X62: =MONTH(W62) -> 3 | Y62: =YEAR(W62) -> 2025
A63: =IF(ISBLANK(H63),"",H63&"-"&IF(OR(LEN(I63)=1,LEN(I63)=4),"0"&I63,I63)&"-"&IF(LEN(G63)=1,"0"&G63,G63)) -> C1-04-02 | B63: =IF(AND(A63<>A62,A63<>""),COUNTIF(A:A,A63),"") -> 1 | C63: Vijaya2 | D63: 45706 | E63: =IF(ISBLANK(D63),"",D63-F63) -> 45706 | F63: 0 | G63: 2 | H63: C1 | I63: 4 | J63: Np4 | K63: Vijaya1 | L63: V1-MD1 | M63: Konabay | N63: 1.5 | O63: =IF(ISBLANK(L63),"",IF(OR(ISBLANK(VLOOKUP(L63&"-"&E63,'Np Quality'!A:M,6,FALSE)),ISERROR(VLOOKUP(L63&"-"&E63,'Np Quality'!A:M,6,FALSE))),"-",VLOOKUP(L63&"-"&E63,'Np Quality'!A:M,6,FALSE))) -> Np4 | P63: =IF(ISBLANK(L73),"",IF(OR(ISBLANK(VLOOKUP(L73&"-"&E73,'Np Quality'!A:M,7,FALSE)),ISERROR(VLOOKUP(L73&"-"&E73,'Np Quality'!A:M,7,FALSE))),"-",VLOOKUP(L73&"-"&E73,'Np Quality'!A:M,7,FALSE))) -> 0.9 | Q63: =IF(ISBLANK(L63),"",IF(OR(ISBLANK(VLOOKUP(L63&"-"&E63,'Np Quality'!A:M,8,FALSE)),ISERROR(VLOOKUP(L63&"-"&E63,'Np Quality'!A:M,8,FALSE))),"-",VLOOKUP(L63&"-"&E63,'Np Quality'!A:M,8,FALSE))) -> 0.9 | R63: =IF(ISBLANK(L63),"",IF(OR(ISBLANK(VLOOKUP(L63&"-"&E63,'Np Quality'!A:M,9,FALSE)),ISERROR(VLOOKUP(L63&"-"&E63,'Np Quality'!A:M,9,FALSE))),"-",VLOOKUP(L63&"-"&E63,'Np Quality'!A:M,9,FALSE))) -> 0 | T63: =IF(ISNUMBER(B63),CHOOSE(B63,L63,L63&","&L64,L63&","&L64&","&L65,L63&","&L64&","&L65&","&L66),"") -> V1-MD1 | U63: =IF(ISNUMBER(B63),CHOOSE(B63,M63,M63&","&M64,M63&","&M64&","&M65,M63&","&M64&","&M65&","&M66),"") -> Konabay | W63: 45719 | X63: =MONTH(W63) -> 3 | Y63: =YEAR(W63) -> 2025
A64: =IF(ISBLANK(H64),"",H64&"-"&IF(OR(LEN(I64)=1,LEN(I64)=4),"0"&I64,I64)&"-"&IF(LEN(G64)=1,"0"&G64,G64)) -> C1-05-02 | B64: =IF(AND(A64<>A63,A64<>""),COUNTIF(A:A,A64),"") -> 1 | C64: Vijaya2 | D64: 45706 | E64: =IF(ISBLANK(D64),"",D64-F64) -> 45706 | F64: 0 | G64: 2 | H64: C1 | I64: 5 | J64: Np4 | K64: Vijaya1 | L64: V1-MB1 | M64: SIS | N64: 1 | O64: =IF(ISBLANK(L64),"",IF(OR(ISBLANK(VLOOKUP(L64&"-"&E64,'Np Quality'!A:M,6,FALSE)),ISERROR(VLOOKUP(L64&"-"&E64,'Np Quality'!A:M,6,FALSE))),"-",VLOOKUP(L64&"-"&E64,'Np Quality'!A:M,6,FALSE))) -> Np4 | P64: =IF(ISBLANK(L74),"",IF(OR(ISBLANK(VLOOKUP(L74&"-"&E74,'Np Quality'!A:M,7,FALSE)),ISERROR(VLOOKUP(L74&"-"&E74,'Np Quality'!A:M,7,FALSE))),"-",VLOOKUP(L74&"-"&E74,'Np Quality'!A:M,7,FALSE))) -> 0.9 | Q64: =IF(ISBLANK(L64),"",IF(OR(ISBLANK(VLOOKUP(L64&"-"&E64,'Np Quality'!A:M,8,FALSE)),ISERROR(VLOOKUP(L64&"-"&E64,'Np Quality'!A:M,8,FALSE))),"-",VLOOKUP(L64&"-"&E64,'Np Quality'!A:M,8,FALSE))) -> 0.9 | R64: =IF(ISBLANK(L64),"",IF(OR(ISBLANK(VLOOKUP(L64&"-"&E64,'Np Quality'!A:M,9,FALSE)),ISERROR(VLOOKUP(L64&"-"&E64,'Np Quality'!A:M,9,FALSE))),"-",VLOOKUP(L64&"-"&E64,'Np Quality'!A:M,9,FALSE))) -> 0 | T64: =IF(ISNUMBER(B64),CHOOSE(B64,L64,L64&","&L65,L64&","&L65&","&L66,L64&","&L65&","&L66&","&L67),"") -> V1-MB1 | U64: =IF(ISNUMBER(B64),CHOOSE(B64,M64,M64&","&M65,M64&","&M65&","&M66,M64&","&M65&","&M66&","&M67),"") -> SIS | W64: 45720 | X64: =MONTH(W64) -> 3 | Y64: =YEAR(W64) -> 2025
A65: =IF(ISBLANK(H65),"",H65&"-"&IF(OR(LEN(I65)=1,LEN(I65)=4),"0"&I65,I65)&"-"&IF(LEN(G65)=1,"0"&G65,G65)) -> C1-06-02 | B65: =IF(AND(A65<>A64,A65<>""),COUNTIF(A:A,A65),"") -> 1 | C65: Vijaya2 | D65: 45707 | E65: =IF(ISBLANK(D65),"",D65-F65) -> 45707 | F65: 0 | G65: 2 | H65: C1 | I65: 6 | J65: Np4 | K65: Vijaya1 | L65: V1-MD1 | M65: Konabay | N65: 1.5 | O65: =IF(ISBLANK(L66),"",IF(OR(ISBLANK(VLOOKUP(L66&"-"&E66,'Np Quality'!A:M,6,FALSE)),ISERROR(VLOOKUP(L66&"-"&E66,'Np Quality'!A:M,6,FALSE))),"-",VLOOKUP(L66&"-"&E66,'Np Quality'!A:M,6,FALSE))) -> Np4 | P65: =IF(ISBLANK(L75),"",IF(OR(ISBLANK(VLOOKUP(L75&"-"&E75,'Np Quality'!A:M,7,FALSE)),ISERROR(VLOOKUP(L75&"-"&E75,'Np Quality'!A:M,7,FALSE))),"-",VLOOKUP(L75&"-"&E75,'Np Quality'!A:M,7,FALSE))) -> 0.9 | Q65: =IF(ISBLANK(L65),"",IF(OR(ISBLANK(VLOOKUP(L65&"-"&E65,'Np Quality'!A:M,8,FALSE)),ISERROR(VLOOKUP(L65&"-"&E65,'Np Quality'!A:M,8,FALSE))),"-",VLOOKUP(L65&"-"&E65,'Np Quality'!A:M,8,FALSE))) -> 0.9 | R65: =IF(ISBLANK(L65),"",IF(OR(ISBLANK(VLOOKUP(L65&"-"&E65,'Np Quality'!A:M,9,FALSE)),ISERROR(VLOOKUP(L65&"-"&E65,'Np Quality'!A:M,9,FALSE))),"-",VLOOKUP(L65&"-"&E65,'Np Quality'!A:M,9,FALSE))) -> 0 | T65: =IF(ISNUMBER(B65),CHOOSE(B65,L65,L65&","&L66,L65&","&L66&","&L67,L65&","&L66&","&L67&","&L68),"") -> V1-MD1 | U65: =IF(ISNUMBER(B65),CHOOSE(B65,M65,M65&","&M66,M65&","&M66&","&M67,M65&","&M66&","&M67&","&M68),"") -> Konabay | W65: 45720 | X65: =MONTH(W65) -> 3 | Y65: =YEAR(W65) -> 2025
A66: =IF(ISBLANK(H66),"",H66&"-"&IF(OR(LEN(I66)=1,LEN(I66)=4),"0"&I66,I66)&"-"&IF(LEN(G66)=1,"0"&G66,G66)) -> C1-07-02 | B66: =IF(AND(A66<>A65,A66<>""),COUNTIF(A:A,A66),"") -> 1 | C66: Vijaya2 | D66: 45707 | E66: =IF(ISBLANK(D66),"",D66-F66) -> 45707 | F66: 0 | G66: 2 | H66: C1 | I66: 7 | J66: Np4 | K66: Vijaya1 | L66: V1-MD1 | M66: Konabay | N66: 1.5 | O66: =IF(ISBLANK(L66),"",IF(OR(ISBLANK(VLOOKUP(L66&"-"&E66,'Np Quality'!A:M,6,FALSE)),ISERROR(VLOOKUP(L66&"-"&E66,'Np Quality'!A:M,6,FALSE))),"-",VLOOKUP(L66&"-"&E66,'Np Quality'!A:M,6,FALSE))) -> Np4 | P66: =IF(ISBLANK(L77),"",IF(OR(ISBLANK(VLOOKUP(L77&"-"&E77,'Np Quality'!A:M,7,FALSE)),ISERROR(VLOOKUP(L77&"-"&E77,'Np Quality'!A:M,7,FALSE))),"-",VLOOKUP(L77&"-"&E77,'Np Quality'!A:M,7,FALSE))) -> 0.9 | Q66: =IF(ISBLANK(L66),"",IF(OR(ISBLANK(VLOOKUP(L66&"-"&E66,'Np Quality'!A:M,8,FALSE)),ISERROR(VLOOKUP(L66&"-"&E66,'Np Quality'!A:M,8,FALSE))),"-",VLOOKUP(L66&"-"&E66,'Np Quality'!A:M,8,FALSE))) -> 0.9 | R66: =IF(ISBLANK(L66),"",IF(OR(ISBLANK(VLOOKUP(L66&"-"&E66,'Np Quality'!A:M,9,FALSE)),ISERROR(VLOOKUP(L66&"-"&E66,'Np Quality'!A:M,9,FALSE))),"-",VLOOKUP(L66&"-"&E66,'Np Quality'!A:M,9,FALSE))) -> 0 | T66: =IF(ISNUMBER(B66),CHOOSE(B66,L66,L66&","&L67,L66&","&L67&","&L68,L66&","&L67&","&L68&","&L69),"") -> V1-MD1 | U66: =IF(ISNUMBER(B66),CHOOSE(B66,M66,M66&","&M67,M66&","&M67&","&M68,M66&","&M67&","&M68&","&M69),"") -> Konabay | W66: 45719 | X66: =MONTH(W66) -> 3 | Y66: =YEAR(W66) -> 2025
A67: =IF(ISBLANK(H67),"",H67&"-"&IF(OR(LEN(I67)=1,LEN(I67)=4),"0"&I67,I67)&"-"&IF(LEN(G67)=1,"0"&G67,G67)) -> C1-08-02 | B67: =IF(AND(A67<>A66,A67<>""),COUNTIF(A:A,A67),"") -> 1 | C67: Vijaya2 | D67: 45708 | E67: =IF(ISBLANK(D67),"",D67-F67) -> 45708 | F67: 0 | G67: 2 | H67: C1 | I67: 8 | J67: Np4 | K67: Vijaya1 | L67: V1-MD1 | M67: Konabay | N67: 1.5 | O67: =IF(ISBLANK(L67),"",IF(OR(ISBLANK(VLOOKUP(L67&"-"&E67,'Np Quality'!A:M,6,FALSE)),ISERROR(VLOOKUP(L67&"-"&E67,'Np Quality'!A:M,6,FALSE))),"-",VLOOKUP(L67&"-"&E67,'Np Quality'!A:M,6,FALSE))) -> Np4 | P67: =IF(ISBLANK(L77),"",IF(OR(ISBLANK(VLOOKUP(L77&"-"&E77,'Np Quality'!A:M,7,FALSE)),ISERROR(VLOOKUP(L77&"-"&E77,'Np Quality'!A:M,7,FALSE))),"-",VLOOKUP(L77&"-"&E77,'Np Quality'!A:M,7,FALSE))) -> 0.9 | Q67: =IF(ISBLANK(L68),"",IF(OR(ISBLANK(VLOOKUP(L68&"-"&E68,'Np Quality'!A:M,8,FALSE)),ISERROR(VLOOKUP(L68&"-"&E68,'Np Quality'!A:M,8,FALSE))),"-",VLOOKUP(L68&"-"&E68,'Np Quality'!A:M,8,FALSE))) -> 0.9 | R67: =IF(ISBLANK(L67),"",IF(OR(ISBLANK(VLOOKUP(L67&"-"&E67,'Np Quality'!A:M,9,FALSE)),ISERROR(VLOOKUP(L67&"-"&E67,'Np Quality'!A:M,9,FALSE))),"-",VLOOKUP(L67&"-"&E67,'Np Quality'!A:M,9,FALSE))) -> 0 | T67: =IF(ISNUMBER(B67),CHOOSE(B67,L67,L67&","&L68,L67&","&L68&","&L69,L67&","&L68&","&L69&","&L70),"") -> V1-MD1 | U67: =IF(ISNUMBER(B67),CHOOSE(B67,M67,M67&","&M68,M67&","&M68&","&M69,M67&","&M68&","&M69&","&M70),"") -> Konabay | W67: 45720 | X67: =MONTH(W67) -> 3 | Y67: =YEAR(W67) -> 2025
A68: =IF(ISBLANK(H68),"",H68&"-"&IF(OR(LEN(I68)=1,LEN(I68)=4),"0"&I68,I68)&"-"&IF(LEN(G68)=1,"0"&G68,G68)) -> D1-01-02 | B68: =IF(AND(A68<>A67,A68<>""),COUNTIF(A:A,A68),"") -> 1 | C68: Vijaya2 | D68: 45708 | E68: =IF(ISBLANK(D68),"",D68-F68) -> 45708 | F68: 0 | G68: 2 | H68: D1 | I68: 1 | J68: Np4 | K68: Vijaya1 | L68: V1-MD1 | M68: Konabay | N68: 1.5 | O68: =IF(ISBLANK(L68),"",IF(OR(ISBLANK(VLOOKUP(L68&"-"&E68,'Np Quality'!A:M,6,FALSE)),ISERROR(VLOOKUP(L68&"-"&E68,'Np Quality'!A:M,6,FALSE))),"-",VLOOKUP(L68&"-"&E68,'Np Quality'!A:M,6,FALSE))) -> Np4 | P68: =IF(ISBLANK(L78),"",IF(OR(ISBLANK(VLOOKUP(L78&"-"&E78,'Np Quality'!A:M,7,FALSE)),ISERROR(VLOOKUP(L78&"-"&E78,'Np Quality'!A:M,7,FALSE))),"-",VLOOKUP(L78&"-"&E78,'Np Quality'!A:M,7,FALSE))) -> - | Q68: =IF(ISBLANK(L68),"",IF(OR(ISBLANK(VLOOKUP(L68&"-"&E68,'Np Quality'!A:M,8,FALSE)),ISERROR(VLOOKUP(L68&"-"&E68,'Np Quality'!A:M,8,FALSE))),"-",VLOOKUP(L68&"-"&E68,'Np Quality'!A:M,8,FALSE))) -> 0.9 | R68: =IF(ISBLANK(L69),"",IF(OR(ISBLANK(VLOOKUP(L69&"-"&E69,'Np Quality'!A:M,9,FALSE)),ISERROR(VLOOKUP(L69&"-"&E69,'Np Quality'!A:M,9,FALSE))),"-",VLOOKUP(L69&"-"&E69,'Np Quality'!A:M,9,FALSE))) -> 0.02 | T68: =IF(ISNUMBER(B68),CHOOSE(B68,L68,L68&","&L69,L68&","&L69&","&L70,L68&","&L69&","&L70&","&L71),"") -> V1-MD1 | U68: =IF(ISNUMBER(B68),CHOOSE(B68,M68,M68&","&M69,M68&","&M69&","&M70,M68&","&M69&","&M70&","&M71),"") -> Konabay | W68: 45721 | X68: =MONTH(W68) -> 3 | Y68: =YEAR(W68) -> 2025
A69: =IF(ISBLANK(H69),"",H69&"-"&IF(OR(LEN(I69)=1,LEN(I69)=4),"0"&I69,I69)&"-"&IF(LEN(G69)=1,"0"&G69,G69)) -> D1-02-02 | B69: =IF(AND(A69<>A68,A69<>""),COUNTIF(A:A,A69),"") -> 1 | C69: Vijaya2 | D69: 45709 | E69: =IF(ISBLANK(D69),"",D69-F69) -> 45709 | F69: 0 | G69: 2 | H69: D1 | I69: 2 | J69: Np4 | K69: Pondy1 | L69: PD-MA1 | M69: Konabay | N69: 1.5 | O69: =IF(ISBLANK(L69),"",IF(OR(ISBLANK(VLOOKUP(L69&"-"&E69,'Np Quality'!A:M,6,FALSE)),ISERROR(VLOOKUP(L69&"-"&E69,'Np Quality'!A:M,6,FALSE))),"-",VLOOKUP(L69&"-"&E69,'Np Quality'!A:M,6,FALSE))) -> Np4 | P69: =IF(ISBLANK(L79),"",IF(OR(ISBLANK(VLOOKUP(L79&"-"&E79,'Np Quality'!A:M,7,FALSE)),ISERROR(VLOOKUP(L79&"-"&E79,'Np Quality'!A:M,7,FALSE))),"-",VLOOKUP(L79&"-"&E79,'Np Quality'!A:M,7,FALSE))) -> - | Q69: =IF(ISBLANK(L69),"",IF(OR(ISBLANK(VLOOKUP(L69&"-"&E69,'Np Quality'!A:M,8,FALSE)),ISERROR(VLOOKUP(L69&"-"&E69,'Np Quality'!A:M,8,FALSE))),"-",VLOOKUP(L69&"-"&E69,'Np Quality'!A:M,8,FALSE))) -> - | R69: =IF(ISBLANK(L69),"",IF(OR(ISBLANK(VLOOKUP(L69&"-"&E69,'Np Quality'!A:M,9,FALSE)),ISERROR(VLOOKUP(L69&"-"&E69,'Np Quality'!A:M,9,FALSE))),"-",VLOOKUP(L69&"-"&E69,'Np Quality'!A:M,9,FALSE))) -> 0.02 | T69: =IF(ISNUMBER(B69),CHOOSE(B69,L69,L69&","&L70,L69&","&L70&","&L71,L69&","&L70&","&L71&","&L72),"") -> PD-MA1 | U69: =IF(ISNUMBER(B69),CHOOSE(B69,M69,M69&","&M70,M69&","&M70&","&M71,M69&","&M70&","&M71&","&M72),"") -> Konabay | W69: 45722 | X69: =MONTH(W69) -> 3 | Y69: =YEAR(W69) -> 2025
A70: =IF(ISBLANK(H70),"",H70&"-"&IF(OR(LEN(I70)=1,LEN(I70)=4),"0"&I70,I70)&"-"&IF(LEN(G70)=1,"0"&G70,G70)) -> D1-03-02 | B70: =IF(AND(A70<>A69,A70<>""),COUNTIF(A:A,A70),"") -> 1 | C70: Vijaya2 | D70: 45709 | E70: =IF(ISBLANK(D70),"",D70-F70) -> 45709 | F70: 0 | G70: 2 | H70: D1 | I70: 3 | J70: Np4 | K70: Pondy1 | L70: PD-MA1 | M70: Konabay | N70: 1.5 | O70: =IF(ISBLANK(L70),"",IF(OR(ISBLANK(VLOOKUP(L70&"-"&E70,'Np Quality'!A:M,6,FALSE)),ISERROR(VLOOKUP(L70&"-"&E70,'Np Quality'!A:M,6,FALSE))),"-",VLOOKUP(L70&"-"&E70,'Np Quality'!A:M,6,FALSE))) -> Np4 | P70: =IF(ISBLANK(L70),"",IF(OR(ISBLANK(VLOOKUP(L70&"-"&E70,'Np Quality'!A:M,7,FALSE)),ISERROR(VLOOKUP(L70&"-"&E70,'Np Quality'!A:M,7,FALSE))),"-",VLOOKUP(L70&"-"&E70,'Np Quality'!A:M,7,FALSE))) -> - | Q70: =IF(ISBLANK(L80),"",IF(OR(ISBLANK(VLOOKUP(L80&"-"&E80,'Np Quality'!A:M,8,FALSE)),ISERROR(VLOOKUP(L80&"-"&E80,'Np Quality'!A:M,8,FALSE))),"-",VLOOKUP(L80&"-"&E80,'Np Quality'!A:M,8,FALSE))) -> - | R70: =IF(ISBLANK(L70),"",IF(OR(ISBLANK(VLOOKUP(L70&"-"&E70,'Np Quality'!A:M,9,FALSE)),ISERROR(VLOOKUP(L70&"-"&E70,'Np Quality'!A:M,9,FALSE))),"-",VLOOKUP(L70&"-"&E70,'Np Quality'!A:M,9,FALSE))) -> 0.02 | T70: =IF(ISNUMBER(B70),CHOOSE(B70,L70,L70&","&L71,L70&","&L71&","&L72,L70&","&L71&","&L72&","&L73),"") -> PD-MA1 | U70: =IF(ISNUMBER(B70),CHOOSE(B70,M70,M70&","&M71,M70&","&M71&","&M72,M70&","&M71&","&M72&","&M73),"") -> Konabay | W70: 45721 | X70: =MONTH(W70) -> 3 | Y70: =YEAR(W70) -> 2025
A71: =IF(ISBLANK(H71),"",H71&"-"&IF(OR(LEN(I71)=1,LEN(I71)=4),"0"&I71,I71)&"-"&IF(LEN(G71)=1,"0"&G71,G71)) -> D1-04-02 | B71: =IF(AND(A71<>A70,A71<>""),COUNTIF(A:A,A71),"") -> 1 | C71: Vijaya2 | D71: 45710 | E71: =IF(ISBLANK(D71),"",D71-F71) -> 45710 | F71: 0 | G71: 2 | H71: D1 | I71: 4 | J71: Np4 | K71: Vijaya1 | L71: V1-MB1 | M71: SIS | N71: 2 | O71: =IF(ISBLANK(L71),"",IF(OR(ISBLANK(VLOOKUP(L71&"-"&E71,'Np Quality'!A:M,6,FALSE)),ISERROR(VLOOKUP(L71&"-"&E71,'Np Quality'!A:M,6,FALSE))),"-",VLOOKUP(L71&"-"&E71,'Np Quality'!A:M,6,FALSE))) -> Np4 | P71: =IF(ISBLANK(L71),"",IF(OR(ISBLANK(VLOOKUP(L71&"-"&E71,'Np Quality'!A:M,7,FALSE)),ISERROR(VLOOKUP(L71&"-"&E71,'Np Quality'!A:M,7,FALSE))),"-",VLOOKUP(L71&"-"&E71,'Np Quality'!A:M,7,FALSE))) -> 0.9 | Q71: =IF(ISBLANK(L81),"",IF(OR(ISBLANK(VLOOKUP(L81&"-"&E81,'Np Quality'!A:M,8,FALSE)),ISERROR(VLOOKUP(L81&"-"&E81,'Np Quality'!A:M,8,FALSE))),"-",VLOOKUP(L81&"-"&E81,'Np Quality'!A:M,8,FALSE))) -> - | R71: =IF(ISBLANK(L71),"",IF(OR(ISBLANK(VLOOKUP(L71&"-"&E71,'Np Quality'!A:M,9,FALSE)),ISERROR(VLOOKUP(L71&"-"&E71,'Np Quality'!A:M,9,FALSE))),"-",VLOOKUP(L71&"-"&E71,'Np Quality'!A:M,9,FALSE))) -> 0 | T71: =IF(ISNUMBER(B71),CHOOSE(B71,L71,L71&","&L72,L71&","&L72&","&L73,L71&","&L72&","&L73&","&L74),"") -> V1-MB1 | U71: =IF(ISNUMBER(B71),CHOOSE(B71,M71,M71&","&M72,M71&","&M72&","&M73,M71&","&M72&","&M73&","&M74),"") -> SIS | W71: 45722 | X71: =MONTH(W71) -> 3 | Y71: =YEAR(W71) -> 2025
A72: =IF(ISBLANK(H72),"",H72&"-"&IF(OR(LEN(I72)=1,LEN(I72)=4),"0"&I72,I72)&"-"&IF(LEN(G72)=1,"0"&G72,G72)) -> D1-05-02 | B72: =IF(AND(A72<>A71,A72<>""),COUNTIF(A:A,A72),"") -> 1 | C72: Vijaya2 | D72: 45710 | E72: =IF(ISBLANK(D72),"",D72-F72) -> 45710 | F72: 0 | G72: 2 | H72: D1 | I72: 5 | J72: Np4 | K72: Vijaya1 | L72: V1-MB1 | M72: SIS | N72: 2 | O72: =IF(ISBLANK(L72),"",IF(OR(ISBLANK(VLOOKUP(L72&"-"&E72,'Np Quality'!A:M,6,FALSE)),ISERROR(VLOOKUP(L72&"-"&E72,'Np Quality'!A:M,6,FALSE))),"-",VLOOKUP(L72&"-"&E72,'Np Quality'!A:M,6,FALSE))) -> Np4 | P72: =IF(ISBLANK(L72),"",IF(OR(ISBLANK(VLOOKUP(L72&"-"&E72,'Np Quality'!A:M,7,FALSE)),ISERROR(VLOOKUP(L72&"-"&E72,'Np Quality'!A:M,7,FALSE))),"-",VLOOKUP(L72&"-"&E72,'Np Quality'!A:M,7,FALSE))) -> 0.9 | Q72: =IF(ISBLANK(L82),"",IF(OR(ISBLANK(VLOOKUP(L82&"-"&E82,'Np Quality'!A:M,8,FALSE)),ISERROR(VLOOKUP(L82&"-"&E82,'Np Quality'!A:M,8,FALSE))),"-",VLOOKUP(L82&"-"&E82,'Np Quality'!A:M,8,FALSE))) -> 0.9 | R72: =IF(ISBLANK(L72),"",IF(OR(ISBLANK(VLOOKUP(L72&"-"&E72,'Np Quality'!A:M,9,FALSE)),ISERROR(VLOOKUP(L72&"-"&E72,'Np Quality'!A:M,9,FALSE))),"-",VLOOKUP(L72&"-"&E72,'Np Quality'!A:M,9,FALSE))) -> 0 | T72: =IF(ISNUMBER(B72),CHOOSE(B72,L72,L72&","&L73,L72&","&L73&","&L74,L72&","&L73&","&L74&","&L75),"") -> V1-MB1 | U72: =IF(ISNUMBER(B72),CHOOSE(B72,M72,M72&","&M73,M72&","&M73&","&M74,M72&","&M73&","&M74&","&M75),"") -> SIS | W72: 45724 | X72: =MONTH(W72) -> 3 | Y72: =YEAR(W72) -> 2025
A73: =IF(ISBLANK(H73),"",H73&"-"&IF(OR(LEN(I73)=1,LEN(I73)=4),"0"&I73,I73)&"-"&IF(LEN(G73)=1,"0"&G73,G73)) -> D1-06-02 | B73: =IF(AND(A73<>A72,A73<>""),COUNTIF(A:A,A73),"") -> 1 | C73: Vijaya2 | D73: 45710 | E73: =IF(ISBLANK(D73),"",D73-F73) -> 45710 | F73: 0 | G73: 2 | H73: D1 | I73: 6 | J73: Np4 | K73: Vijaya1 | L73: V1-MD1 | M73: Konabay | N73: 2 | O73: =IF(ISBLANK(L73),"",IF(OR(ISBLANK(VLOOKUP(L73&"-"&E73,'Np Quality'!A:M,6,FALSE)),ISERROR(VLOOKUP(L73&"-"&E73,'Np Quality'!A:M,6,FALSE))),"-",VLOOKUP(L73&"-"&E73,'Np Quality'!A:M,6,FALSE))) -> Np4 | P73: =IF(ISBLANK(L73),"",IF(OR(ISBLANK(VLOOKUP(L73&"-"&E73,'Np Quality'!A:M,7,FALSE)),ISERROR(VLOOKUP(L73&"-"&E73,'Np Quality'!A:M,7,FALSE))),"-",VLOOKUP(L73&"-"&E73,'Np Quality'!A:M,7,FALSE))) -> 0.9 | Q73: =IF(ISBLANK(L83),"",IF(OR(ISBLANK(VLOOKUP(L83&"-"&E83,'Np Quality'!A:M,8,FALSE)),ISERROR(VLOOKUP(L83&"-"&E83,'Np Quality'!A:M,8,FALSE))),"-",VLOOKUP(L83&"-"&E83,'Np Quality'!A:M,8,FALSE))) -> 0.9 | R73: =IF(ISBLANK(L73),"",IF(OR(ISBLANK(VLOOKUP(L73&"-"&E73,'Np Quality'!A:M,9,FALSE)),ISERROR(VLOOKUP(L73&"-"&E73,'Np Quality'!A:M,9,FALSE))),"-",VLOOKUP(L73&"-"&E73,'Np Quality'!A:M,9,FALSE))) -> 0 | T73: =IF(ISNUMBER(B73),CHOOSE(B73,L73,L73&","&L74,L73&","&L74&","&L75,L73&","&L74&","&L75&","&L76),"") -> V1-MD1 | U73: =IF(ISNUMBER(B73),CHOOSE(B73,M73,M73&","&M74,M73&","&M74&","&M75,M73&","&M74&","&M75&","&M76),"") -> Konabay | W73: 45725 | X73: =MONTH(W73) -> 3 | Y73: =YEAR(W73) -> 2025
A74: =IF(ISBLANK(H74),"",H74&"-"&IF(OR(LEN(I74)=1,LEN(I74)=4),"0"&I74,I74)&"-"&IF(LEN(G74)=1,"0"&G74,G74)) -> D1-07-02 | B74: =IF(AND(A74<>A73,A74<>""),COUNTIF(A:A,A74),"") -> 1 | C74: Vijaya2 | D74: 45711 | E74: =IF(ISBLANK(D74),"",D74-F74) -> 45711 | F74: 0 | G74: 2 | H74: D1 | I74: 7 | J74: Np4 | K74: Vijaya1 | L74: V1-MB1 | M74: SIS | N74: 2 | O74: =IF(ISBLANK(L74),"",IF(OR(ISBLANK(VLOOKUP(L74&"-"&E74,'Np Quality'!A:M,6,FALSE)),ISERROR(VLOOKUP(L74&"-"&E74,'Np Quality'!A:M,6,FALSE))),"-",VLOOKUP(L74&"-"&E74,'Np Quality'!A:M,6,FALSE))) -> Np4 | P74: =IF(ISBLANK(L74),"",IF(OR(ISBLANK(VLOOKUP(L74&"-"&E74,'Np Quality'!A:M,7,FALSE)),ISERROR(VLOOKUP(L74&"-"&E74,'Np Quality'!A:M,7,FALSE))),"-",VLOOKUP(L74&"-"&E74,'Np Quality'!A:M,7,FALSE))) -> 0.9 | Q74: =IF(ISBLANK(L84),"",IF(OR(ISBLANK(VLOOKUP(L84&"-"&E84,'Np Quality'!A:M,8,FALSE)),ISERROR(VLOOKUP(L84&"-"&E84,'Np Quality'!A:M,8,FALSE))),"-",VLOOKUP(L84&"-"&E84,'Np Quality'!A:M,8,FALSE))) -> 0.9 | R74: =IF(ISBLANK(L74),"",IF(OR(ISBLANK(VLOOKUP(L74&"-"&E74,'Np Quality'!A:M,9,FALSE)),ISERROR(VLOOKUP(L74&"-"&E74,'Np Quality'!A:M,9,FALSE))),"-",VLOOKUP(L74&"-"&E74,'Np Quality'!A:M,9,FALSE))) -> 0 | T74: =IF(ISNUMBER(B74),CHOOSE(B74,L74,L74&","&L75,L74&","&L75&","&L76,L74&","&L75&","&L76&","&L77),"") -> V1-MB1 | U74: =IF(ISNUMBER(B74),CHOOSE(B74,M74,M74&","&M75,M74&","&M75&","&M76,M74&","&M75&","&M76&","&M77),"") -> SIS | W74: 45723 | X74: =MONTH(W74) -> 3 | Y74: =YEAR(W74) -> 2025
A75: =IF(ISBLANK(H75),"",H75&"-"&IF(OR(LEN(I75)=1,LEN(I75)=4),"0"&I75,I75)&"-"&IF(LEN(G75)=1,"0"&G75,G75)) -> D1-08-02 | B75: =IF(AND(A75<>A74,A75<>""),COUNTIF(A:A,A75),"") -> 1 | C75: Vijaya2 | D75: 45711 | E75: =IF(ISBLANK(D75),"",D75-F75) -> 45711 | F75: 0 | G75: 2 | H75: D1 | I75: 8 | J75: Np4 | K75: Vijaya1 | L75: V1-MB1 | M75: SIS | N75: 2 | O75: =IF(ISBLANK(L76),"",IF(OR(ISBLANK(VLOOKUP(L76&"-"&E76,'Np Quality'!A:M,6,FALSE)),ISERROR(VLOOKUP(L76&"-"&E76,'Np Quality'!A:M,6,FALSE))),"-",VLOOKUP(L76&"-"&E76,'Np Quality'!A:M,6,FALSE))) -> Np4 | P75: =IF(ISBLANK(L75),"",IF(OR(ISBLANK(VLOOKUP(L75&"-"&E75,'Np Quality'!A:M,7,FALSE)),ISERROR(VLOOKUP(L75&"-"&E75,'Np Quality'!A:M,7,FALSE))),"-",VLOOKUP(L75&"-"&E75,'Np Quality'!A:M,7,FALSE))) -> 0.9 | Q75: =IF(ISBLANK(L85),"",IF(OR(ISBLANK(VLOOKUP(L85&"-"&E85,'Np Quality'!A:M,8,FALSE)),ISERROR(VLOOKUP(L85&"-"&E85,'Np Quality'!A:M,8,FALSE))),"-",VLOOKUP(L85&"-"&E85,'Np Quality'!A:M,8,FALSE))) -> 0.9 | R75: =IF(ISBLANK(L75),"",IF(OR(ISBLANK(VLOOKUP(L75&"-"&E75,'Np Quality'!A:M,9,FALSE)),ISERROR(VLOOKUP(L75&"-"&E75,'Np Quality'!A:M,9,FALSE))),"-",VLOOKUP(L75&"-"&E75,'Np Quality'!A:M,9,FALSE))) -> 0 | T75: =IF(ISNUMBER(B75),CHOOSE(B75,L75,L75&","&L76,L75&","&L76&","&L77,L75&","&L76&","&L77&","&L78),"") -> V1-MB1 | U75: =IF(ISNUMBER(B75),CHOOSE(B75,M75,M75&","&M76,M75&","&M76&","&M77,M75&","&M76&","&M77&","&M78),"") -> SIS | W75: 45724 | X75: =MONTH(W75) -> 3 | Y75: =YEAR(W75) -> 2025
A76: =IF(ISBLANK(H76),"",H76&"-"&IF(OR(LEN(I76)=1,LEN(I76)=4),"0"&I76,I76)&"-"&IF(LEN(G76)=1,"0"&G76,G76)) -> D1-09-02 | B76: =IF(AND(A76<>A75,A76<>""),COUNTIF(A:A,A76),"") -> 1 | C76: Vijaya2 | D76: 45711 | E76: =IF(ISBLANK(D76),"",D76-F76) -> 45711 | F76: 0 | G76: 2 | H76: D1 | I76: 9 | J76: Np4 | K76: Vijaya1 | L76: V1-MD1 | M76: Konabay | N76: 2 | O76: =IF(ISBLANK(L76),"",IF(OR(ISBLANK(VLOOKUP(L76&"-"&E76,'Np Quality'!A:M,6,FALSE)),ISERROR(VLOOKUP(L76&"-"&E76,'Np Quality'!A:M,6,FALSE))),"-",VLOOKUP(L76&"-"&E76,'Np Quality'!A:M,6,FALSE))) -> Np4 | P76: =IF(ISBLANK(L77),"",IF(OR(ISBLANK(VLOOKUP(L77&"-"&E77,'Np Quality'!A:M,7,FALSE)),ISERROR(VLOOKUP(L77&"-"&E77,'Np Quality'!A:M,7,FALSE))),"-",VLOOKUP(L77&"-"&E77,'Np Quality'!A:M,7,FALSE))) -> 0.9 | Q76: =IF(ISBLANK(L86),"",IF(OR(ISBLANK(VLOOKUP(L86&"-"&E86,'Np Quality'!A:M,8,FALSE)),ISERROR(VLOOKUP(L86&"-"&E86,'Np Quality'!A:M,8,FALSE))),"-",VLOOKUP(L86&"-"&E86,'Np Quality'!A:M,8,FALSE))) -> 0.9 | R76: =IF(ISBLANK(L76),"",IF(OR(ISBLANK(VLOOKUP(L76&"-"&E76,'Np Quality'!A:M,9,FALSE)),ISERROR(VLOOKUP(L76&"-"&E76,'Np Quality'!A:M,9,FALSE))),"-",VLOOKUP(L76&"-"&E76,'Np Quality'!A:M,9,FALSE))) -> 0 | T76: =IF(ISNUMBER(B76),CHOOSE(B76,L76,L76&","&L77,L76&","&L77&","&L78,L76&","&L77&","&L78&","&L79),"") -> V1-MD1 | U76: =IF(ISNUMBER(B76),CHOOSE(B76,M76,M76&","&M77,M76&","&M77&","&M78,M76&","&M77&","&M78&","&M79),"") -> Konabay | W76: 45724 | X76: =MONTH(W76) -> 3 | Y76: =YEAR(W76) -> 2025
A77: =IF(ISBLANK(H77),"",H77&"-"&IF(OR(LEN(I77)=1,LEN(I77)=4),"0"&I77,I77)&"-"&IF(LEN(G77)=1,"0"&G77,G77)) -> D1-10-02 | B77: =IF(AND(A77<>A76,A77<>""),COUNTIF(A:A,A77),"") -> 1 | C77: Vijaya2 | D77: 45711 | E77: =IF(ISBLANK(D77),"",D77-F77) -> 45711 | F77: 0 | G77: 2 | H77: D1 | I77: 10 | J77: Np4 | K77: Vijaya1 | L77: V1-MD1 | M77: Konabay | N77: 2 | O77: =IF(ISBLANK(L77),"",IF(OR(ISBLANK(VLOOKUP(L77&"-"&E77,'Np Quality'!A:M,6,FALSE)),ISERROR(VLOOKUP(L77&"-"&E77,'Np Quality'!A:M,6,FALSE))),"-",VLOOKUP(L77&"-"&E77,'Np Quality'!A:M,6,FALSE))) -> Np4 | P77: =IF(ISBLANK(L77),"",IF(OR(ISBLANK(VLOOKUP(L77&"-"&E77,'Np Quality'!A:M,7,FALSE)),ISERROR(VLOOKUP(L77&"-"&E77,'Np Quality'!A:M,7,FALSE))),"-",VLOOKUP(L77&"-"&E77,'Np Quality'!A:M,7,FALSE))) -> 0.9 | Q77: =IF(ISBLANK(L88),"",IF(OR(ISBLANK(VLOOKUP(L88&"-"&E88,'Np Quality'!A:M,8,FALSE)),ISERROR(VLOOKUP(L88&"-"&E88,'Np Quality'!A:M,8,FALSE))),"-",VLOOKUP(L88&"-"&E88,'Np Quality'!A:M,8,FALSE))) -> 0.9 | R77: =IF(ISBLANK(L77),"",IF(OR(ISBLANK(VLOOKUP(L77&"-"&E77,'Np Quality'!A:M,9,FALSE)),ISERROR(VLOOKUP(L77&"-"&E77,'Np Quality'!A:M,9,FALSE))),"-",VLOOKUP(L77&"-"&E77,'Np Quality'!A:M,9,FALSE))) -> 0 | T77: =IF(ISNUMBER(B77),CHOOSE(B77,L77,L77&","&L78,L77&","&L78&","&L79,L77&","&L78&","&L79&","&L80),"") -> V1-MD1 | U77: =IF(ISNUMBER(B77),CHOOSE(B77,M77,M77&","&M78,M77&","&M78&","&M79,M77&","&M78&","&M79&","&M80),"") -> Konabay | W77: 45725 | X77: =MONTH(W77) -> 3 | Y77: =YEAR(W77) -> 2025
A78: =IF(ISBLANK(H78),"",H78&"-"&IF(OR(LEN(I78)=1,LEN(I78)=4),"0"&I78,I78)&"-"&IF(LEN(G78)=1,"0"&G78,G78)) -> A1-01-02 | B78: =IF(AND(A78<>A77,A78<>""),COUNTIF(A:A,A78),"") -> 1 | C78: Vijaya2 | D78: 45716 | E78: =IF(ISBLANK(D78),"",D78-F78) -> 45716 | F78: 0 | G78: 2 | H78: A1 | I78: 1 | J78: Np4 | K78: Pondy1 | L78: PD-MB1 | M78: SyAqua | N78: 1.5 | O78: =IF(ISBLANK(L78),"",IF(OR(ISBLANK(VLOOKUP(L78&"-"&E78,'Np Quality'!A:M,6,FALSE)),ISERROR(VLOOKUP(L78&"-"&E78,'Np Quality'!A:M,6,FALSE))),"-",VLOOKUP(L78&"-"&E78,'Np Quality'!A:M,6,FALSE))) -> Np4 | P78: =IF(ISBLANK(L78),"",IF(OR(ISBLANK(VLOOKUP(L78&"-"&E78,'Np Quality'!A:M,7,FALSE)),ISERROR(VLOOKUP(L78&"-"&E78,'Np Quality'!A:M,7,FALSE))),"-",VLOOKUP(L78&"-"&E78,'Np Quality'!A:M,7,FALSE))) -> - | Q78: =IF(ISBLANK(L88),"",IF(OR(ISBLANK(VLOOKUP(L88&"-"&E88,'Np Quality'!A:M,8,FALSE)),ISERROR(VLOOKUP(L88&"-"&E88,'Np Quality'!A:M,8,FALSE))),"-",VLOOKUP(L88&"-"&E88,'Np Quality'!A:M,8,FALSE))) -> 0.9 | R78: =IF(ISBLANK(L79),"",IF(OR(ISBLANK(VLOOKUP(L79&"-"&E79,'Np Quality'!A:M,9,FALSE)),ISERROR(VLOOKUP(L79&"-"&E79,'Np Quality'!A:M,9,FALSE))),"-",VLOOKUP(L79&"-"&E79,'Np Quality'!A:M,9,FALSE))) -> 0.01 | T78: =IF(ISNUMBER(B78),CHOOSE(B78,L78,L78&","&L79,L78&","&L79&","&L80,L78&","&L79&","&L80&","&L81),"") -> PD-MB1 | U78: =IF(ISNUMBER(B78),CHOOSE(B78,M78,M78&","&M79,M78&","&M79&","&M80,M78&","&M79&","&M80&","&M81),"") -> SyAqua | W78: 45729 | X78: =MONTH(W78) -> 3 | Y78: =YEAR(W78) -> 2025
A79: =IF(ISBLANK(H79),"",H79&"-"&IF(OR(LEN(I79)=1,LEN(I79)=4),"0"&I79,I79)&"-"&IF(LEN(G79)=1,"0"&G79,G79)) -> A1-02-02 | B79: =IF(AND(A79<>A78,A79<>""),COUNTIF(A:A,A79),"") -> 1 | C79: Vijaya2 | D79: 45716 | E79: =IF(ISBLANK(D79),"",D79-F79) -> 45716 | F79: 0 | G79: 2 | H79: A1 | I79: 2 | J79: Np4 | K79: Pondy1 | L79: PD-MB1 | M79: SyAqua | N79: 1.5 | O79: =IF(ISBLANK(L79),"",IF(OR(ISBLANK(VLOOKUP(L79&"-"&E79,'Np Quality'!A:M,6,FALSE)),ISERROR(VLOOKUP(L79&"-"&E79,'Np Quality'!A:M,6,FALSE))),"-",VLOOKUP(L79&"-"&E79,'Np Quality'!A:M,6,FALSE))) -> Np4 | P79: =IF(ISBLANK(L79),"",IF(OR(ISBLANK(VLOOKUP(L79&"-"&E79,'Np Quality'!A:M,7,FALSE)),ISERROR(VLOOKUP(L79&"-"&E79,'Np Quality'!A:M,7,FALSE))),"-",VLOOKUP(L79&"-"&E79,'Np Quality'!A:M,7,FALSE))) -> - | Q79: =IF(ISBLANK(L89),"",IF(OR(ISBLANK(VLOOKUP(L89&"-"&E89,'Np Quality'!A:M,8,FALSE)),ISERROR(VLOOKUP(L89&"-"&E89,'Np Quality'!A:M,8,FALSE))),"-",VLOOKUP(L89&"-"&E89,'Np Quality'!A:M,8,FALSE))) -> 0.9 | R79: =IF(ISBLANK(L79),"",IF(OR(ISBLANK(VLOOKUP(L79&"-"&E79,'Np Quality'!A:M,9,FALSE)),ISERROR(VLOOKUP(L79&"-"&E79,'Np Quality'!A:M,9,FALSE))),"-",VLOOKUP(L79&"-"&E79,'Np Quality'!A:M,9,FALSE))) -> 0.01 | T79: =IF(ISNUMBER(B79),CHOOSE(B79,L79,L79&","&L80,L79&","&L80&","&L81,L79&","&L80&","&L81&","&L82),"") -> PD-MB1 | U79: =IF(ISNUMBER(B79),CHOOSE(B79,M79,M79&","&M80,M79&","&M80&","&M81,M79&","&M80&","&M81&","&M82),"") -> SyAqua | W79: 45729 | X79: =MONTH(W79) -> 3 | Y79: =YEAR(W79) -> 2025
A80: =IF(ISBLANK(H80),"",H80&"-"&IF(OR(LEN(I80)=1,LEN(I80)=4),"0"&I80,I80)&"-"&IF(LEN(G80)=1,"0"&G80,G80)) -> A1-03-02 | B80: =IF(AND(A80<>A79,A80<>""),COUNTIF(A:A,A80),"") -> 1 | C80: Vijaya2 | D80: 45716 | E80: =IF(ISBLANK(D80),"",D80-F80) -> 45716 | F80: 0 | G80: 2 | H80: A1 | I80: 3 | J80: Np4 | K80: Vijaya1 | L80: V1-MD1 | M80: Konabay | N80: 2 | O80: =IF(ISBLANK(L80),"",IF(OR(ISBLANK(VLOOKUP(L80&"-"&E80,'Np Quality'!A:M,6,FALSE)),ISERROR(VLOOKUP(L80&"-"&E80,'Np Quality'!A:M,6,FALSE))),"-",VLOOKUP(L80&"-"&E80,'Np Quality'!A:M,6,FALSE))) -> - | P80: =IF(ISBLANK(L80),"",IF(OR(ISBLANK(VLOOKUP(L80&"-"&E80,'Np Quality'!A:M,7,FALSE)),ISERROR(VLOOKUP(L80&"-"&E80,'Np Quality'!A:M,7,FALSE))),"-",VLOOKUP(L80&"-"&E80,'Np Quality'!A:M,7,FALSE))) -> - | Q80: =IF(ISBLANK(L80),"",IF(OR(ISBLANK(VLOOKUP(L80&"-"&E80,'Np Quality'!A:M,8,FALSE)),ISERROR(VLOOKUP(L80&"-"&E80,'Np Quality'!A:M,8,FALSE))),"-",VLOOKUP(L80&"-"&E80,'Np Quality'!A:M,8,FALSE))) -> - | R80: =IF(ISBLANK(L90),"",IF(OR(ISBLANK(VLOOKUP(L90&"-"&E90,'Np Quality'!A:M,9,FALSE)),ISERROR(VLOOKUP(L90&"-"&E90,'Np Quality'!A:M,9,FALSE))),"-",VLOOKUP(L90&"-"&E90,'Np Quality'!A:M,9,FALSE))) -> 0 | T80: =IF(ISNUMBER(B80),CHOOSE(B80,L80,L80&","&L81,L80&","&L81&","&L82,L80&","&L81&","&L82&","&L83),"") -> V1-MD1 | U80: =IF(ISNUMBER(B80),CHOOSE(B80,M80,M80&","&M81,M80&","&M81&","&M82,M80&","&M81&","&M82&","&M83),"") -> Konabay | W80: 45726 | X80: =MONTH(W80) -> 3 | Y80: =YEAR(W80) -> 2025
A81: =IF(ISBLANK(H81),"",H81&"-"&IF(OR(LEN(I81)=1,LEN(I81)=4),"0"&I81,I81)&"-"&IF(LEN(G81)=1,"0"&G81,G81)) -> A1-04-02 | B81: =IF(AND(A81<>A80,A81<>""),COUNTIF(A:A,A81),"") -> 1 | C81: Vijaya2 | D81: 45716 | E81: =IF(ISBLANK(D81),"",D81-F81) -> 45716 | F81: 0 | G81: 2 | H81: A1 | I81: 4 | J81: Np4 | K81: Vijaya1 | L81: V1-MD1 | M81: Konabay | N81: 2 | O81: =IF(ISBLANK(L81),"",IF(OR(ISBLANK(VLOOKUP(L81&"-"&E81,'Np Quality'!A:M,6,FALSE)),ISERROR(VLOOKUP(L81&"-"&E81,'Np Quality'!A:M,6,FALSE))),"-",VLOOKUP(L81&"-"&E81,'Np Quality'!A:M,6,FALSE))) -> - | P81: =IF(ISBLANK(L81),"",IF(OR(ISBLANK(VLOOKUP(L81&"-"&E81,'Np Quality'!A:M,7,FALSE)),ISERROR(VLOOKUP(L81&"-"&E81,'Np Quality'!A:M,7,FALSE))),"-",VLOOKUP(L81&"-"&E81,'Np Quality'!A:M,7,FALSE))) -> - | Q81: =IF(ISBLANK(L81),"",IF(OR(ISBLANK(VLOOKUP(L81&"-"&E81,'Np Quality'!A:M,8,FALSE)),ISERROR(VLOOKUP(L81&"-"&E81,'Np Quality'!A:M,8,FALSE))),"-",VLOOKUP(L81&"-"&E81,'Np Quality'!A:M,8,FALSE))) -> - | R81: =IF(ISBLANK(L91),"",IF(OR(ISBLANK(VLOOKUP(L91&"-"&E91,'Np Quality'!A:M,9,FALSE)),ISERROR(VLOOKUP(L91&"-"&E91,'Np Quality'!A:M,9,FALSE))),"-",VLOOKUP(L91&"-"&E91,'Np Quality'!A:M,9,FALSE))) -> 0 | T81: =IF(ISNUMBER(B81),CHOOSE(B81,L81,L81&","&L82,L81&","&L82&","&L83,L81&","&L82&","&L83&","&L84),"") -> V1-MD1 | U81: =IF(ISNUMBER(B81),CHOOSE(B81,M81,M81&","&M82,M81&","&M82&","&M83,M81&","&M82&","&M83&","&M84),"") -> Konabay | W81: 45726 | X81: =MONTH(W81) -> 3 | Y81: =YEAR(W81) -> 2025
A82: =IF(ISBLANK(H82),"",H82&"-"&IF(OR(LEN(I82)=1,LEN(I82)=4),"0"&I82,I82)&"-"&IF(LEN(G82)=1,"0"&G82,G82)) -> A1-05-02 | B82: =IF(AND(A82<>A81,A82<>""),COUNTIF(A:A,A82),"") -> 1 | C82: Vijaya2 | D82: 45716 | E82: =IF(ISBLANK(D82),"",D82-F82) -> 45716 | F82: 0 | G82: 2 | H82: A1 | I82: 5 | J82: Np4 | K82: Vijaya1 | L82: V1-MB1 | M82: SIS | N82: 2 | O82: =IF(ISBLANK(L82),"",IF(OR(ISBLANK(VLOOKUP(L82&"-"&E82,'Np Quality'!A:M,6,FALSE)),ISERROR(VLOOKUP(L82&"-"&E82,'Np Quality'!A:M,6,FALSE))),"-",VLOOKUP(L82&"-"&E82,'Np Quality'!A:M,6,FALSE))) -> Np4 | P82: =IF(ISBLANK(L82),"",IF(OR(ISBLANK(VLOOKUP(L82&"-"&E82,'Np Quality'!A:M,7,FALSE)),ISERROR(VLOOKUP(L82&"-"&E82,'Np Quality'!A:M,7,FALSE))),"-",VLOOKUP(L82&"-"&E82,'Np Quality'!A:M,7,FALSE))) -> 0.9 | Q82: =IF(ISBLANK(L82),"",IF(OR(ISBLANK(VLOOKUP(L82&"-"&E82,'Np Quality'!A:M,8,FALSE)),ISERROR(VLOOKUP(L82&"-"&E82,'Np Quality'!A:M,8,FALSE))),"-",VLOOKUP(L82&"-"&E82,'Np Quality'!A:M,8,FALSE))) -> 0.9 | R82: =IF(ISBLANK(L92),"",IF(OR(ISBLANK(VLOOKUP(L92&"-"&E92,'Np Quality'!A:M,9,FALSE)),ISERROR(VLOOKUP(L92&"-"&E92,'Np Quality'!A:M,9,FALSE))),"-",VLOOKUP(L92&"-"&E92,'Np Quality'!A:M,9,FALSE))) -> 0 | T82: =IF(ISNUMBER(B82),CHOOSE(B82,L82,L82&","&L83,L82&","&L83&","&L84,L82&","&L83&","&L84&","&L85),"") -> V1-MB1 | U82: =IF(ISNUMBER(B82),CHOOSE(B82,M82,M82&","&M83,M82&","&M83&","&M84,M82&","&M83&","&M84&","&M85),"") -> SIS | W82: 45731 | X82: =MONTH(W82) -> 3 | Y82: =YEAR(W82) -> 2025
A83: =IF(ISBLANK(H83),"",H83&"-"&IF(OR(LEN(I83)=1,LEN(I83)=4),"0"&I83,I83)&"-"&IF(LEN(G83)=1,"0"&G83,G83)) -> A1-06-02 | B83: =IF(AND(A83<>A82,A83<>""),COUNTIF(A:A,A83),"") -> 1 | C83: Vijaya2 | D83: 45716 | E83: =IF(ISBLANK(D83),"",D83-F83) -> 45716 | F83: 0 | G83: 2 | H83: A1 | I83: 6 | J83: Np4 | K83: Vijaya1 | L83: V1-MB1 | M83: SIS | N83: 2 | O83: =IF(ISBLANK(L83),"",IF(OR(ISBLANK(VLOOKUP(L83&"-"&E83,'Np Quality'!A:M,6,FALSE)),ISERROR(VLOOKUP(L83&"-"&E83,'Np Quality'!A:M,6,FALSE))),"-",VLOOKUP(L83&"-"&E83,'Np Quality'!A:M,6,FALSE))) -> Np4 | P83: =IF(ISBLANK(L83),"",IF(OR(ISBLANK(VLOOKUP(L83&"-"&E83,'Np Quality'!A:M,7,FALSE)),ISERROR(VLOOKUP(L83&"-"&E83,'Np Quality'!A:M,7,FALSE))),"-",VLOOKUP(L83&"-"&E83,'Np Quality'!A:M,7,FALSE))) -> 0.9 | Q83: =IF(ISBLANK(L83),"",IF(OR(ISBLANK(VLOOKUP(L83&"-"&E83,'Np Quality'!A:M,8,FALSE)),ISERROR(VLOOKUP(L83&"-"&E83,'Np Quality'!A:M,8,FALSE))),"-",VLOOKUP(L83&"-"&E83,'Np Quality'!A:M,8,FALSE))) -> 0.9 | R83: =IF(ISBLANK(L93),"",IF(OR(ISBLANK(VLOOKUP(L93&"-"&E93,'Np Quality'!A:M,9,FALSE)),ISERROR(VLOOKUP(L93&"-"&E93,'Np Quality'!A:M,9,FALSE))),"-",VLOOKUP(L93&"-"&E93,'Np Quality'!A:M,9,FALSE))) -> 0 | T83: =IF(ISNUMBER(B83),CHOOSE(B83,L83,L83&","&L84,L83&","&L84&","&L85,L83&","&L84&","&L85&","&L86),"") -> V1-MB1 | U83: =IF(ISNUMBER(B83),CHOOSE(B83,M83,M83&","&M84,M83&","&M84&","&M85,M83&","&M84&","&M85&","&M86),"") -> SIS | W83: 45730 | X83: =MONTH(W83) -> 3 | Y83: =YEAR(W83) -> 2025
A84: =IF(ISBLANK(H84),"",H84&"-"&IF(OR(LEN(I84)=1,LEN(I84)=4),"0"&I84,I84)&"-"&IF(LEN(G84)=1,"0"&G84,G84)) -> A1-07-02 | B84: =IF(AND(A84<>A83,A84<>""),COUNTIF(A:A,A84),"") -> 1 | C84: Vijaya2 | D84: 45716 | E84: =IF(ISBLANK(D84),"",D84-F84) -> 45716 | F84: 0 | G84: 2 | H84: A1 | I84: 7 | J84: Np4 | K84: Vijaya1 | L84: V1-MB1 | M84: SIS | N84: 2 | O84: =IF(ISBLANK(L84),"",IF(OR(ISBLANK(VLOOKUP(L84&"-"&E84,'Np Quality'!A:M,6,FALSE)),ISERROR(VLOOKUP(L84&"-"&E84,'Np Quality'!A:M,6,FALSE))),"-",VLOOKUP(L84&"-"&E84,'Np Quality'!A:M,6,FALSE))) -> Np4 | P84: =IF(ISBLANK(L84),"",IF(OR(ISBLANK(VLOOKUP(L84&"-"&E84,'Np Quality'!A:M,7,FALSE)),ISERROR(VLOOKUP(L84&"-"&E84,'Np Quality'!A:M,7,FALSE))),"-",VLOOKUP(L84&"-"&E84,'Np Quality'!A:M,7,FALSE))) -> 0.9 | Q84: =IF(ISBLANK(L84),"",IF(OR(ISBLANK(VLOOKUP(L84&"-"&E84,'Np Quality'!A:M,8,FALSE)),ISERROR(VLOOKUP(L84&"-"&E84,'Np Quality'!A:M,8,FALSE))),"-",VLOOKUP(L84&"-"&E84,'Np Quality'!A:M,8,FALSE))) -> 0.9 | R84: =IF(ISBLANK(L94),"",IF(OR(ISBLANK(VLOOKUP(L94&"-"&E94,'Np Quality'!A:M,9,FALSE)),ISERROR(VLOOKUP(L94&"-"&E94,'Np Quality'!A:M,9,FALSE))),"-",VLOOKUP(L94&"-"&E94,'Np Quality'!A:M,9,FALSE))) -> 0 | T84: =IF(ISNUMBER(B84),CHOOSE(B84,L84,L84&","&L85,L84&","&L85&","&L86,L84&","&L85&","&L86&","&L87),"") -> V1-MB1 | U84: =IF(ISNUMBER(B84),CHOOSE(B84,M84,M84&","&M85,M84&","&M85&","&M86,M84&","&M85&","&M86&","&M87),"") -> SIS | W84: 45731 | X84: =MONTH(W84) -> 3 | Y84: =YEAR(W84) -> 2025
A85: =IF(ISBLANK(H85),"",H85&"-"&IF(OR(LEN(I85)=1,LEN(I85)=4),"0"&I85,I85)&"-"&IF(LEN(G85)=1,"0"&G85,G85)) -> A1-08-02 | B85: =IF(AND(A85<>A84,A85<>""),COUNTIF(A:A,A85),"") -> 1 | C85: Vijaya2 | D85: 45716 | E85: =IF(ISBLANK(D85),"",D85-F85) -> 45716 | F85: 0 | G85: 2 | H85: A1 | I85: 8 | J85: Np4 | K85: Vijaya1 | L85: V1-MB1 | M85: SIS | N85: 2 | O85: =IF(ISBLANK(L86),"",IF(OR(ISBLANK(VLOOKUP(L86&"-"&E86,'Np Quality'!A:M,6,FALSE)),ISERROR(VLOOKUP(L86&"-"&E86,'Np Quality'!A:M,6,FALSE))),"-",VLOOKUP(L86&"-"&E86,'Np Quality'!A:M,6,FALSE))) -> Np4 | P85: =IF(ISBLANK(L85),"",IF(OR(ISBLANK(VLOOKUP(L85&"-"&E85,'Np Quality'!A:M,7,FALSE)),ISERROR(VLOOKUP(L85&"-"&E85,'Np Quality'!A:M,7,FALSE))),"-",VLOOKUP(L85&"-"&E85,'Np Quality'!A:M,7,FALSE))) -> 0.9 | Q85: =IF(ISBLANK(L85),"",IF(OR(ISBLANK(VLOOKUP(L85&"-"&E85,'Np Quality'!A:M,8,FALSE)),ISERROR(VLOOKUP(L85&"-"&E85,'Np Quality'!A:M,8,FALSE))),"-",VLOOKUP(L85&"-"&E85,'Np Quality'!A:M,8,FALSE))) -> 0.9 | R85: =IF(ISBLANK(L95),"",IF(OR(ISBLANK(VLOOKUP(L95&"-"&E95,'Np Quality'!A:M,9,FALSE)),ISERROR(VLOOKUP(L95&"-"&E95,'Np Quality'!A:M,9,FALSE))),"-",VLOOKUP(L95&"-"&E95,'Np Quality'!A:M,9,FALSE))) -> 0 | T85: =IF(ISNUMBER(B85),CHOOSE(B85,L85,L85&","&L86,L85&","&L86&","&L87,L85&","&L86&","&L87&","&L88),"") -> V1-MB1 | U85: =IF(ISNUMBER(B85),CHOOSE(B85,M85,M85&","&M86,M85&","&M86&","&M87,M85&","&M86&","&M87&","&M88),"") -> SIS | W85: 45730 | X85: =MONTH(W85) -> 3 | Y85: =YEAR(W85) -> 2025
A86: =IF(ISBLANK(H86),"",H86&"-"&IF(OR(LEN(I86)=1,LEN(I86)=4),"0"&I86,I86)&"-"&IF(LEN(G86)=1,"0"&G86,G86)) -> A1-09-02 | B86: =IF(AND(A86<>A85,A86<>""),COUNTIF(A:A,A86),"") -> 1 | C86: Vijaya2 | D86: 45717 | E86: =IF(ISBLANK(D86),"",D86-F86) -> 45717 | F86: 0 | G86: 2 | H86: A1 | I86: 9 | J86: Np4 | K86: Vijaya1 | L86: V1-MD1 | M86: Konabay | N86: 2 | O86: =IF(ISBLANK(L86),"",IF(OR(ISBLANK(VLOOKUP(L86&"-"&E86,'Np Quality'!A:M,6,FALSE)),ISERROR(VLOOKUP(L86&"-"&E86,'Np Quality'!A:M,6,FALSE))),"-",VLOOKUP(L86&"-"&E86,'Np Quality'!A:M,6,FALSE))) -> Np4 | P86: =IF(ISBLANK(L87),"",IF(OR(ISBLANK(VLOOKUP(L87&"-"&E87,'Np Quality'!A:M,7,FALSE)),ISERROR(VLOOKUP(L87&"-"&E87,'Np Quality'!A:M,7,FALSE))),"-",VLOOKUP(L87&"-"&E87,'Np Quality'!A:M,7,FALSE))) -> 0.9 | Q86: =IF(ISBLANK(L86),"",IF(OR(ISBLANK(VLOOKUP(L86&"-"&E86,'Np Quality'!A:M,8,FALSE)),ISERROR(VLOOKUP(L86&"-"&E86,'Np Quality'!A:M,8,FALSE))),"-",VLOOKUP(L86&"-"&E86,'Np Quality'!A:M,8,FALSE))) -> 0.9 | R86: =IF(ISBLANK(L96),"",IF(OR(ISBLANK(VLOOKUP(L96&"-"&E96,'Np Quality'!A:M,9,FALSE)),ISERROR(VLOOKUP(L96&"-"&E96,'Np Quality'!A:M,9,FALSE))),"-",VLOOKUP(L96&"-"&E96,'Np Quality'!A:M,9,FALSE))) -> 0 | T86: =IF(ISNUMBER(B86),CHOOSE(B86,L86,L86&","&L87,L86&","&L87&","&L88,L86&","&L87&","&L88&","&L89),"") -> V1-MD1 | U86: =IF(ISNUMBER(B86),CHOOSE(B86,M86,M86&","&M87,M86&","&M87&","&M88,M86&","&M87&","&M88&","&M89),"") -> Konabay | W86: 45734 | X86: =MONTH(W86) -> 3 | Y86: =YEAR(W86) -> 2025
A87: =IF(ISBLANK(H87),"",H87&"-"&IF(OR(LEN(I87)=1,LEN(I87)=4),"0"&I87,I87)&"-"&IF(LEN(G87)=1,"0"&G87,G87)) -> A1-10-02 | B87: =IF(AND(A87<>A86,A87<>""),COUNTIF(A:A,A87),"") -> 1 | C87: Vijaya2 | D87: 45717 | E87: =IF(ISBLANK(D87),"",D87-F87) -> 45717 | F87: 0 | G87: 2 | H87: A1 | I87: 10 | J87: Np4 | K87: Vijaya1 | L87: V1-MD1 | M87: Konabay | N87: 2 | O87: =IF(ISBLANK(L87),"",IF(OR(ISBLANK(VLOOKUP(L87&"-"&E87,'Np Quality'!A:M,6,FALSE)),ISERROR(VLOOKUP(L87&"-"&E87,'Np Quality'!A:M,6,FALSE))),"-",VLOOKUP(L87&"-"&E87,'Np Quality'!A:M,6,FALSE))) -> Np4 | P87: =IF(ISBLANK(L87),"",IF(OR(ISBLANK(VLOOKUP(L87&"-"&E87,'Np Quality'!A:M,7,FALSE)),ISERROR(VLOOKUP(L87&"-"&E87,'Np Quality'!A:M,7,FALSE))),"-",VLOOKUP(L87&"-"&E87,'Np Quality'!A:M,7,FALSE))) -> 0.9 | Q87: =IF(ISBLANK(L88),"",IF(OR(ISBLANK(VLOOKUP(L88&"-"&E88,'Np Quality'!A:M,8,FALSE)),ISERROR(VLOOKUP(L88&"-"&E88,'Np Quality'!A:M,8,FALSE))),"-",VLOOKUP(L88&"-"&E88,'Np Quality'!A:M,8,FALSE))) -> 0.9 | R87: =IF(ISBLANK(L97),"",IF(OR(ISBLANK(VLOOKUP(L97&"-"&E97,'Np Quality'!A:M,9,FALSE)),ISERROR(VLOOKUP(L97&"-"&E97,'Np Quality'!A:M,9,FALSE))),"-",VLOOKUP(L97&"-"&E97,'Np Quality'!A:M,9,FALSE))) -> 0 | T87: =IF(ISNUMBER(B87),CHOOSE(B87,L87,L87&","&L88,L87&","&L88&","&L89,L87&","&L88&","&L89&","&L90),"") -> V1-MD1 | U87: =IF(ISNUMBER(B87),CHOOSE(B87,M87,M87&","&M88,M87&","&M88&","&M89,M87&","&M88&","&M89&","&M90),"") -> Konabay | W87: 45727 | X87: =MONTH(W87) -> 3 | Y87: =YEAR(W87) -> 2025
A88: =IF(ISBLANK(H88),"",H88&"-"&IF(OR(LEN(I88)=1,LEN(I88)=4),"0"&I88,I88)&"-"&IF(LEN(G88)=1,"0"&G88,G88)) -> A1-11-02 | B88: =IF(AND(A88<>A87,A88<>""),COUNTIF(A:A,A88),"") -> 1 | C88: Vijaya2 | D88: 45717 | E88: =IF(ISBLANK(D88),"",D88-F88) -> 45717 | F88: 0 | G88: 2 | H88: A1 | I88: 11 | J88: Np4 | K88: Vijaya1 | L88: V1-MB1 | M88: SIS | N88: 0.9 | O88: =IF(ISBLANK(L88),"",IF(OR(ISBLANK(VLOOKUP(L88&"-"&E88,'Np Quality'!A:M,6,FALSE)),ISERROR(VLOOKUP(L88&"-"&E88,'Np Quality'!A:M,6,FALSE))),"-",VLOOKUP(L88&"-"&E88,'Np Quality'!A:M,6,FALSE))) -> Np4 | P88: =IF(ISBLANK(L88),"",IF(OR(ISBLANK(VLOOKUP(L88&"-"&E88,'Np Quality'!A:M,7,FALSE)),ISERROR(VLOOKUP(L88&"-"&E88,'Np Quality'!A:M,7,FALSE))),"-",VLOOKUP(L88&"-"&E88,'Np Quality'!A:M,7,FALSE))) -> 0.9 | Q88: =IF(ISBLANK(L88),"",IF(OR(ISBLANK(VLOOKUP(L88&"-"&E88,'Np Quality'!A:M,8,FALSE)),ISERROR(VLOOKUP(L88&"-"&E88,'Np Quality'!A:M,8,FALSE))),"-",VLOOKUP(L88&"-"&E88,'Np Quality'!A:M,8,FALSE))) -> 0.9 | R88: =IF(ISBLANK(L99),"",IF(OR(ISBLANK(VLOOKUP(L99&"-"&E99,'Np Quality'!A:M,9,FALSE)),ISERROR(VLOOKUP(L99&"-"&E99,'Np Quality'!A:M,9,FALSE))),"-",VLOOKUP(L99&"-"&E99,'Np Quality'!A:M,9,FALSE))) -> 0 | T88: =IF(ISNUMBER(B88),CHOOSE(B88,L88,L88&","&L89,L88&","&L89&","&L90,L88&","&L89&","&L90&","&L91),"") -> V1-MB1 | U88: =IF(ISNUMBER(B88),CHOOSE(B88,M88,M88&","&M89,M88&","&M89&","&M90,M88&","&M89&","&M90&","&M91),"") -> SIS | W88: 45731 | X88: =MONTH(W88) -> 3 | Y88: =YEAR(W88) -> 2025
A89: =IF(ISBLANK(H89),"",H89&"-"&IF(OR(LEN(I89)=1,LEN(I89)=4),"0"&I89,I89)&"-"&IF(LEN(G89)=1,"0"&G89,G89)) -> A1-12-02 | B89: =IF(AND(A89<>A88,A89<>""),COUNTIF(A:A,A89),"") -> 1 | C89: Vijaya2 | D89: 45717 | E89: =IF(ISBLANK(D89),"",D89-F89) -> 45717 | F89: 0 | G89: 2 | H89: A1 | I89: 12 | J89: Np4 | K89: Vijaya1 | L89: V1-MB1 | M89: SIS | N89: 0.9 | O89: =IF(ISBLANK(L89),"",IF(OR(ISBLANK(VLOOKUP(L89&"-"&E89,'Np Quality'!A:M,6,FALSE)),ISERROR(VLOOKUP(L89&"-"&E89,'Np Quality'!A:M,6,FALSE))),"-",VLOOKUP(L89&"-"&E89,'Np Quality'!A:M,6,FALSE))) -> Np4 | P89: =IF(ISBLANK(L89),"",IF(OR(ISBLANK(VLOOKUP(L89&"-"&E89,'Np Quality'!A:M,7,FALSE)),ISERROR(VLOOKUP(L89&"-"&E89,'Np Quality'!A:M,7,FALSE))),"-",VLOOKUP(L89&"-"&E89,'Np Quality'!A:M,7,FALSE))) -> 0.9 | Q89: =IF(ISBLANK(L89),"",IF(OR(ISBLANK(VLOOKUP(L89&"-"&E89,'Np Quality'!A:M,8,FALSE)),ISERROR(VLOOKUP(L89&"-"&E89,'Np Quality'!A:M,8,FALSE))),"-",VLOOKUP(L89&"-"&E89,'Np Quality'!A:M,8,FALSE))) -> 0.9 | R89: =IF(ISBLANK(L99),"",IF(OR(ISBLANK(VLOOKUP(L99&"-"&E99,'Np Quality'!A:M,9,FALSE)),ISERROR(VLOOKUP(L99&"-"&E99,'Np Quality'!A:M,9,FALSE))),"-",VLOOKUP(L99&"-"&E99,'Np Quality'!A:M,9,FALSE))) -> 0 | T89: =IF(ISNUMBER(B89),CHOOSE(B89,L89,L89&","&L90,L89&","&L90&","&L91,L89&","&L90&","&L91&","&L92),"") -> V1-MB1 | U89: =IF(ISNUMBER(B89),CHOOSE(B89,M89,M89&","&M90,M89&","&M90&","&M91,M89&","&M90&","&M91&","&M92),"") -> SIS | W89: 45732 | X89: =MONTH(W89) -> 3 | Y89: =YEAR(W89) -> 2025
A90: =IF(ISBLANK(H90),"",H90&"-"&IF(OR(LEN(I90)=1,LEN(I90)=4),"0"&I90,I90)&"-"&IF(LEN(G90)=1,"0"&G90,G90)) -> A1-13-02 | B90: =IF(AND(A90<>A89,A90<>""),COUNTIF(A:A,A90),"") -> 1 | C90: Vijaya2 | D90: 45717 | E90: =IF(ISBLANK(D90),"",D90-F90) -> 45717 | F90: 0 | G90: 2 | H90: A1 | I90: 13 | J90: Np4 | K90: Vijaya1 | L90: V1-MB1 | M90: SIS | N90: 0.9 | O90: =IF(ISBLANK(L90),"",IF(OR(ISBLANK(VLOOKUP(L90&"-"&E90,'Np Quality'!A:M,6,FALSE)),ISERROR(VLOOKUP(L90&"-"&E90,'Np Quality'!A:M,6,FALSE))),"-",VLOOKUP(L90&"-"&E90,'Np Quality'!A:M,6,FALSE))) -> Np4 | P90: =IF(ISBLANK(L90),"",IF(OR(ISBLANK(VLOOKUP(L90&"-"&E90,'Np Quality'!A:M,7,FALSE)),ISERROR(VLOOKUP(L90&"-"&E90,'Np Quality'!A:M,7,FALSE))),"-",VLOOKUP(L90&"-"&E90,'Np Quality'!A:M,7,FALSE))) -> 0.9 | Q90: =IF(ISBLANK(L90),"",IF(OR(ISBLANK(VLOOKUP(L90&"-"&E90,'Np Quality'!A:M,8,FALSE)),ISERROR(VLOOKUP(L90&"-"&E90,'Np Quality'!A:M,8,FALSE))),"-",VLOOKUP(L90&"-"&E90,'Np Quality'!A:M,8,FALSE))) -> 0.9 | R90: =IF(ISBLANK(L90),"",IF(OR(ISBLANK(VLOOKUP(L90&"-"&E90,'Np Quality'!A:M,9,FALSE)),ISERROR(VLOOKUP(L90&"-"&E90,'Np Quality'!A:M,9,FALSE))),"-",VLOOKUP(L90&"-"&E90,'Np Quality'!A:M,9,FALSE))) -> 0 | T90: =IF(ISNUMBER(B90),CHOOSE(B90,L90,L90&","&L91,L90&","&L91&","&L92,L90&","&L91&","&L92&","&L93),"") -> V1-MB1 | U90: =IF(ISNUMBER(B90),CHOOSE(B90,M90,M90&","&M91,M90&","&M91&","&M92,M90&","&M91&","&M92&","&M93),"") -> SIS | W90: 45732 | X90: =MONTH(W90) -> 3 | Y90: =YEAR(W90) -> 2025
A91: =IF(ISBLANK(H91),"",H91&"-"&IF(OR(LEN(I91)=1,LEN(I91)=4),"0"&I91,I91)&"-"&IF(LEN(G91)=1,"0"&G91,G91)) -> A1-14-02 | B91: =IF(AND(A91<>A90,A91<>""),COUNTIF(A:A,A91),"") -> 1 | C91: Vijaya2 | D91: 45717 | E91: =IF(ISBLANK(D91),"",D91-F91) -> 45717 | F91: 0 | G91: 2 | H91: A1 | I91: 14 | J91: Np4 | K91: Vijaya1 | L91: V1-MB1 | M91: SIS | N91: 0.9 | O91: =IF(ISBLANK(L91),"",IF(OR(ISBLANK(VLOOKUP(L91&"-"&E91,'Np Quality'!A:M,6,FALSE)),ISERROR(VLOOKUP(L91&"-"&E91,'Np Quality'!A:M,6,FALSE))),"-",VLOOKUP(L91&"-"&E91,'Np Quality'!A:M,6,FALSE))) -> Np4 | P91: =IF(ISBLANK(L91),"",IF(OR(ISBLANK(VLOOKUP(L91&"-"&E91,'Np Quality'!A:M,7,FALSE)),ISERROR(VLOOKUP(L91&"-"&E91,'Np Quality'!A:M,7,FALSE))),"-",VLOOKUP(L91&"-"&E91,'Np Quality'!A:M,7,FALSE))) -> 0.9 | Q91: =IF(ISBLANK(L91),"",IF(OR(ISBLANK(VLOOKUP(L91&"-"&E91,'Np Quality'!A:M,8,FALSE)),ISERROR(VLOOKUP(L91&"-"&E91,'Np Quality'!A:M,8,FALSE))),"-",VLOOKUP(L91&"-"&E91,'Np Quality'!A:M,8,FALSE))) -> 0.9 | R91: =IF(ISBLANK(L91),"",IF(OR(ISBLANK(VLOOKUP(L91&"-"&E91,'Np Quality'!A:M,9,FALSE)),ISERROR(VLOOKUP(L91&"-"&E91,'Np Quality'!A:M,9,FALSE))),"-",VLOOKUP(L91&"-"&E91,'Np Quality'!A:M,9,FALSE))) -> 0 | T91: =IF(ISNUMBER(B91),CHOOSE(B91,L91,L91&","&L92,L91&","&L92&","&L93,L91&","&L92&","&L93&","&L94),"") -> V1-MB1 | U91: =IF(ISNUMBER(B91),CHOOSE(B91,M91,M91&","&M92,M91&","&M92&","&M93,M91&","&M92&","&M93&","&M94),"") -> SIS | W91: 45731 | X91: =MONTH(W91) -> 3 | Y91: =YEAR(W91) -> 2025
A92: =IF(ISBLANK(H92),"",H92&"-"&IF(OR(LEN(I92)=1,LEN(I92)=4),"0"&I92,I92)&"-"&IF(LEN(G92)=1,"0"&G92,G92)) -> A1-15-02 | B92: =IF(AND(A92<>A91,A92<>""),COUNTIF(A:A,A92),"") -> 1 | C92: Vijaya2 | D92: 45717 | E92: =IF(ISBLANK(D92),"",D92-F92) -> 45717 | F92: 0 | G92: 2 | H92: A1 | I92: 15 | J92: Np4 | K92: Vijaya1 | L92: V1-MB1 | M92: SIS | N92: 0.9 | O92: =IF(ISBLANK(L92),"",IF(OR(ISBLANK(VLOOKUP(L92&"-"&E92,'Np Quality'!A:M,6,FALSE)),ISERROR(VLOOKUP(L92&"-"&E92,'Np Quality'!A:M,6,FALSE))),"-",VLOOKUP(L92&"-"&E92,'Np Quality'!A:M,6,FALSE))) -> Np4 | P92: =IF(ISBLANK(L92),"",IF(OR(ISBLANK(VLOOKUP(L92&"-"&E92,'Np Quality'!A:M,7,FALSE)),ISERROR(VLOOKUP(L92&"-"&E92,'Np Quality'!A:M,7,FALSE))),"-",VLOOKUP(L92&"-"&E92,'Np Quality'!A:M,7,FALSE))) -> 0.9 | Q92: =IF(ISBLANK(L92),"",IF(OR(ISBLANK(VLOOKUP(L92&"-"&E92,'Np Quality'!A:M,8,FALSE)),ISERROR(VLOOKUP(L92&"-"&E92,'Np Quality'!A:M,8,FALSE))),"-",VLOOKUP(L92&"-"&E92,'Np Quality'!A:M,8,FALSE))) -> 0.9 | R92: =IF(ISBLANK(L92),"",IF(OR(ISBLANK(VLOOKUP(L92&"-"&E92,'Np Quality'!A:M,9,FALSE)),ISERROR(VLOOKUP(L92&"-"&E92,'Np Quality'!A:M,9,FALSE))),"-",VLOOKUP(L92&"-"&E92,'Np Quality'!A:M,9,FALSE))) -> 0 | T92: =IF(ISNUMBER(B92),CHOOSE(B92,L92,L92&","&L93,L92&","&L93&","&L94,L92&","&L93&","&L94&","&L95),"") -> V1-MB1 | U92: =IF(ISNUMBER(B92),CHOOSE(B92,M92,M92&","&M93,M92&","&M93&","&M94,M92&","&M93&","&M94&","&M95),"") -> SIS | W92: 45732 | X92: =MONTH(W92) -> 3 | Y92: =YEAR(W92) -> 2025
A93: =IF(ISBLANK(H93),"",H93&"-"&IF(OR(LEN(I93)=1,LEN(I93)=4),"0"&I93,I93)&"-"&IF(LEN(G93)=1,"0"&G93,G93)) -> A1-16-02 | B93: =IF(AND(A93<>A92,A93<>""),COUNTIF(A:A,A93),"") -> 1 | C93: Vijaya2 | D93: 45717 | E93: =IF(ISBLANK(D93),"",D93-F93) -> 45717 | F93: 0 | G93: 2 | H93: A1 | I93: 16 | J93: Np4 | K93: Vijaya1 | L93: V1-MB1 | M93: SIS | N93: 0.9 | O93: =IF(ISBLANK(L93),"",IF(OR(ISBLANK(VLOOKUP(L93&"-"&E93,'Np Quality'!A:M,6,FALSE)),ISERROR(VLOOKUP(L93&"-"&E93,'Np Quality'!A:M,6,FALSE))),"-",VLOOKUP(L93&"-"&E93,'Np Quality'!A:M,6,FALSE))) -> Np4 | P93: =IF(ISBLANK(L93),"",IF(OR(ISBLANK(VLOOKUP(L93&"-"&E93,'Np Quality'!A:M,7,FALSE)),ISERROR(VLOOKUP(L93&"-"&E93,'Np Quality'!A:M,7,FALSE))),"-",VLOOKUP(L93&"-"&E93,'Np Quality'!A:M,7,FALSE))) -> 0.9 | Q93: =IF(ISBLANK(L93),"",IF(OR(ISBLANK(VLOOKUP(L93&"-"&E93,'Np Quality'!A:M,8,FALSE)),ISERROR(VLOOKUP(L93&"-"&E93,'Np Quality'!A:M,8,FALSE))),"-",VLOOKUP(L93&"-"&E93,'Np Quality'!A:M,8,FALSE))) -> 0.9 | R93: =IF(ISBLANK(L93),"",IF(OR(ISBLANK(VLOOKUP(L93&"-"&E93,'Np Quality'!A:M,9,FALSE)),ISERROR(VLOOKUP(L93&"-"&E93,'Np Quality'!A:M,9,FALSE))),"-",VLOOKUP(L93&"-"&E93,'Np Quality'!A:M,9,FALSE))) -> 0 | T93: =IF(ISNUMBER(B93),CHOOSE(B93,L93,L93&","&L94,L93&","&L94&","&L95,L93&","&L94&","&L95&","&L96),"") -> V1-MB1 | U93: =IF(ISNUMBER(B93),CHOOSE(B93,M93,M93&","&M94,M93&","&M94&","&M95,M93&","&M94&","&M95&","&M96),"") -> SIS | W93: 45731 | X93: =MONTH(W93) -> 3 | Y93: =YEAR(W93) -> 2025
A94: =IF(ISBLANK(H94),"",H94&"-"&IF(OR(LEN(I94)=1,LEN(I94)=4),"0"&I94,I94)&"-"&IF(LEN(G94)=1,"0"&G94,G94)) -> A1-17-02 | B94: =IF(AND(A94<>A93,A94<>""),COUNTIF(A:A,A94),"") -> 1 | C94: Vijaya2 | D94: 45718 | E94: =IF(ISBLANK(D94),"",D94-F94) -> 45718 | F94: 0 | G94: 2 | H94: A1 | I94: 17 | J94: Np4 | K94: Vijaya1 | L94: V1-MD1 | M94: Konabay | N94: 0.9 | O94: =IF(ISBLANK(L94),"",IF(OR(ISBLANK(VLOOKUP(L94&"-"&E94,'Np Quality'!A:M,6,FALSE)),ISERROR(VLOOKUP(L94&"-"&E94,'Np Quality'!A:M,6,FALSE))),"-",VLOOKUP(L94&"-"&E94,'Np Quality'!A:M,6,FALSE))) -> Np4 | P94: =IF(ISBLANK(L94),"",IF(OR(ISBLANK(VLOOKUP(L94&"-"&E94,'Np Quality'!A:M,7,FALSE)),ISERROR(VLOOKUP(L94&"-"&E94,'Np Quality'!A:M,7,FALSE))),"-",VLOOKUP(L94&"-"&E94,'Np Quality'!A:M,7,FALSE))) -> 0.9 | Q94: =IF(ISBLANK(L94),"",IF(OR(ISBLANK(VLOOKUP(L94&"-"&E94,'Np Quality'!A:M,8,FALSE)),ISERROR(VLOOKUP(L94&"-"&E94,'Np Quality'!A:M,8,FALSE))),"-",VLOOKUP(L94&"-"&E94,'Np Quality'!A:M,8,FALSE))) -> 0.9 | R94: =IF(ISBLANK(L94),"",IF(OR(ISBLANK(VLOOKUP(L94&"-"&E94,'Np Quality'!A:M,9,FALSE)),ISERROR(VLOOKUP(L94&"-"&E94,'Np Quality'!A:M,9,FALSE))),"-",VLOOKUP(L94&"-"&E94,'Np Quality'!A:M,9,FALSE))) -> 0 | T94: =IF(ISNUMBER(B94),CHOOSE(B94,L94,L94&","&L95,L94&","&L95&","&L96,L94&","&L95&","&L96&","&L97),"") -> V1-MD1 | U94: =IF(ISNUMBER(B94),CHOOSE(B94,M94,M94&","&M95,M94&","&M95&","&M96,M94&","&M95&","&M96&","&M97),"") -> Konabay | W94: 45735 | X94: =MONTH(W94) -> 3 | Y94: =YEAR(W94) -> 2025
A95: =IF(ISBLANK(H95),"",H95&"-"&IF(OR(LEN(I95)=1,LEN(I95)=4),"0"&I95,I95)&"-"&IF(LEN(G95)=1,"0"&G95,G95)) -> A1-18-02 | B95: =IF(AND(A95<>A94,A95<>""),COUNTIF(A:A,A95),"") -> 1 | C95: Vijaya2 | D95: 45718 | E95: =IF(ISBLANK(D95),"",D95-F95) -> 45718 | F95: 0 | G95: 2 | H95: A1 | I95: 18 | J95: Np4 | K95: Vijaya1 | L95: V1-MD1 | M95: Konabay | N95: 0.9 | O95: =IF(ISBLANK(L96),"",IF(OR(ISBLANK(VLOOKUP(L96&"-"&E96,'Np Quality'!A:M,6,FALSE)),ISERROR(VLOOKUP(L96&"-"&E96,'Np Quality'!A:M,6,FALSE))),"-",VLOOKUP(L96&"-"&E96,'Np Quality'!A:M,6,FALSE))) -> Np4 | P95: =IF(ISBLANK(L95),"",IF(OR(ISBLANK(VLOOKUP(L95&"-"&E95,'Np Quality'!A:M,7,FALSE)),ISERROR(VLOOKUP(L95&"-"&E95,'Np Quality'!A:M,7,FALSE))),"-",VLOOKUP(L95&"-"&E95,'Np Quality'!A:M,7,FALSE))) -> 0.9 | Q95: =IF(ISBLANK(L95),"",IF(OR(ISBLANK(VLOOKUP(L95&"-"&E95,'Np Quality'!A:M,8,FALSE)),ISERROR(VLOOKUP(L95&"-"&E95,'Np Quality'!A:M,8,FALSE))),"-",VLOOKUP(L95&"-"&E95,'Np Quality'!A:M,8,FALSE))) -> 0.9 | R95: =IF(ISBLANK(L95),"",IF(OR(ISBLANK(VLOOKUP(L95&"-"&E95,'Np Quality'!A:M,9,FALSE)),ISERROR(VLOOKUP(L95&"-"&E95,'Np Quality'!A:M,9,FALSE))),"-",VLOOKUP(L95&"-"&E95,'Np Quality'!A:M,9,FALSE))) -> 0 | T95: =IF(ISNUMBER(B95),CHOOSE(B95,L95,L95&","&L96,L95&","&L96&","&L97,L95&","&L96&","&L97&","&L98),"") -> V1-MD1 | U95: =IF(ISNUMBER(B95),CHOOSE(B95,M95,M95&","&M96,M95&","&M96&","&M97,M95&","&M96&","&M97&","&M98),"") -> Konabay | W95: 45732 | X95: =MONTH(W95) -> 3 | Y95: =YEAR(W95) -> 2025
A96: =IF(ISBLANK(H96),"",H96&"-"&IF(OR(LEN(I96)=1,LEN(I96)=4),"0"&I96,I96)&"-"&IF(LEN(G96)=1,"0"&G96,G96)) -> A1-19-02 | B96: =IF(AND(A96<>A95,A96<>""),COUNTIF(A:A,A96),"") -> 1 | C96: Vijaya2 | D96: 45718 | E96: =IF(ISBLANK(D96),"",D96-F96) -> 45718 | F96: 0 | G96: 2 | H96: A1 | I96: 19 | J96: Np4 | K96: Vijaya1 | L96: V1-MD1 | M96: Konabay | N96: 0.9 | O96: =IF(ISBLANK(L96),"",IF(OR(ISBLANK(VLOOKUP(L96&"-"&E96,'Np Quality'!A:M,6,FALSE)),ISERROR(VLOOKUP(L96&"-"&E96,'Np Quality'!A:M,6,FALSE))),"-",VLOOKUP(L96&"-"&E96,'Np Quality'!A:M,6,FALSE))) -> Np4 | P96: =IF(ISBLANK(L97),"",IF(OR(ISBLANK(VLOOKUP(L97&"-"&E97,'Np Quality'!A:M,7,FALSE)),ISERROR(VLOOKUP(L97&"-"&E97,'Np Quality'!A:M,7,FALSE))),"-",VLOOKUP(L97&"-"&E97,'Np Quality'!A:M,7,FALSE))) -> 0.9 | Q96: =IF(ISBLANK(L96),"",IF(OR(ISBLANK(VLOOKUP(L96&"-"&E96,'Np Quality'!A:M,8,FALSE)),ISERROR(VLOOKUP(L96&"-"&E96,'Np Quality'!A:M,8,FALSE))),"-",VLOOKUP(L96&"-"&E96,'Np Quality'!A:M,8,FALSE))) -> 0.9 | R96: =IF(ISBLANK(L96),"",IF(OR(ISBLANK(VLOOKUP(L96&"-"&E96,'Np Quality'!A:M,9,FALSE)),ISERROR(VLOOKUP(L96&"-"&E96,'Np Quality'!A:M,9,FALSE))),"-",VLOOKUP(L96&"-"&E96,'Np Quality'!A:M,9,FALSE))) -> 0 | T96: =IF(ISNUMBER(B96),CHOOSE(B96,L96,L96&","&L97,L96&","&L97&","&L98,L96&","&L97&","&L98&","&L99),"") -> V1-MD1 | U96: =IF(ISNUMBER(B96),CHOOSE(B96,M96,M96&","&M97,M96&","&M97&","&M98,M96&","&M97&","&M98&","&M99),"") -> Konabay | W96: 45732 | X96: =MONTH(W96) -> 3 | Y96: =YEAR(W96) -> 2025
A97: =IF(ISBLANK(H97),"",H97&"-"&IF(OR(LEN(I97)=1,LEN(I97)=4),"0"&I97,I97)&"-"&IF(LEN(G97)=1,"0"&G97,G97)) -> A1-20-02 | B97: =IF(AND(A97<>A96,A97<>""),COUNTIF(A:A,A97),"") -> 1 | C97: Vijaya2 | D97: 45718 | E97: =IF(ISBLANK(D97),"",D97-F97) -> 45718 | F97: 0 | G97: 2 | H97: A1 | I97: 20 | J97: Np4 | K97: Vijaya1 | L97: V1-MD1 | M97: Konabay | N97: 0.9 | O97: =IF(ISBLANK(L97),"",IF(OR(ISBLANK(VLOOKUP(L97&"-"&E97,'Np Quality'!A:M,6,FALSE)),ISERROR(VLOOKUP(L97&"-"&E97,'Np Quality'!A:M,6,FALSE))),"-",VLOOKUP(L97&"-"&E97,'Np Quality'!A:M,6,FALSE))) -> Np4 | P97: =IF(ISBLANK(L97),"",IF(OR(ISBLANK(VLOOKUP(L97&"-"&E97,'Np Quality'!A:M,7,FALSE)),ISERROR(VLOOKUP(L97&"-"&E97,'Np Quality'!A:M,7,FALSE))),"-",VLOOKUP(L97&"-"&E97,'Np Quality'!A:M,7,FALSE))) -> 0.9 | Q97: =IF(ISBLANK(L98),"",IF(OR(ISBLANK(VLOOKUP(L98&"-"&E98,'Np Quality'!A:M,8,FALSE)),ISERROR(VLOOKUP(L98&"-"&E98,'Np Quality'!A:M,8,FALSE))),"-",VLOOKUP(L98&"-"&E98,'Np Quality'!A:M,8,FALSE))) -> 0.9 | R97: =IF(ISBLANK(L97),"",IF(OR(ISBLANK(VLOOKUP(L97&"-"&E97,'Np Quality'!A:M,9,FALSE)),ISERROR(VLOOKUP(L97&"-"&E97,'Np Quality'!A:M,9,FALSE))),"-",VLOOKUP(L97&"-"&E97,'Np Quality'!A:M,9,FALSE))) -> 0 | T97: =IF(ISNUMBER(B97),CHOOSE(B97,L97,L97&","&L98,L97&","&L98&","&L99,L97&","&L98&","&L99&","&L100),"") -> V1-MD1 | U97: =IF(ISNUMBER(B97),CHOOSE(B97,M97,M97&","&M98,M97&","&M98&","&M99,M97&","&M98&","&M99&","&M100),"") -> Konabay | W97: 45735 | X97: =MONTH(W97) -> 3 | Y97: =YEAR(W97) -> 2025
A98: =IF(ISBLANK(H98),"",H98&"-"&IF(OR(LEN(I98)=1,LEN(I98)=4),"0"&I98,I98)&"-"&IF(LEN(G98)=1,"0"&G98,G98)) -> B1-01-02 | B98: =IF(AND(A98<>A97,A98<>""),COUNTIF(A:A,A98),"") -> 1 | C98: Vijaya2 | D98: 45721 | E98: =IF(ISBLANK(D98),"",D98-F98) -> 45721 | F98: 0 | G98: 2 | H98: B1 | I98: 1 | J98: Np4 | K98: Vijaya1 | L98: V1-MB1 | M98: SIS | N98: 1.4 | O98: =IF(ISBLANK(L98),"",IF(OR(ISBLANK(VLOOKUP(L98&"-"&E98,'Np Quality'!A:M,6,FALSE)),ISERROR(VLOOKUP(L98&"-"&E98,'Np Quality'!A:M,6,FALSE))),"-",VLOOKUP(L98&"-"&E98,'Np Quality'!A:M,6,FALSE))) -> Np4 | P98: =IF(ISBLANK(L98),"",IF(OR(ISBLANK(VLOOKUP(L98&"-"&E98,'Np Quality'!A:M,7,FALSE)),ISERROR(VLOOKUP(L98&"-"&E98,'Np Quality'!A:M,7,FALSE))),"-",VLOOKUP(L98&"-"&E98,'Np Quality'!A:M,7,FALSE))) -> 0.9 | Q98: =IF(ISBLANK(L98),"",IF(OR(ISBLANK(VLOOKUP(L98&"-"&E98,'Np Quality'!A:M,8,FALSE)),ISERROR(VLOOKUP(L98&"-"&E98,'Np Quality'!A:M,8,FALSE))),"-",VLOOKUP(L98&"-"&E98,'Np Quality'!A:M,8,FALSE))) -> 0.9 | R98: =IF(ISBLANK(L99),"",IF(OR(ISBLANK(VLOOKUP(L99&"-"&E99,'Np Quality'!A:M,9,FALSE)),ISERROR(VLOOKUP(L99&"-"&E99,'Np Quality'!A:M,9,FALSE))),"-",VLOOKUP(L99&"-"&E99,'Np Quality'!A:M,9,FALSE))) -> 0 | T98: =IF(ISNUMBER(B98),CHOOSE(B98,L98,L98&","&L99,L98&","&L99&","&L100,L98&","&L99&","&L100&","&L101),"") -> V1-MB1 | U98: =IF(ISNUMBER(B98),CHOOSE(B98,M98,M98&","&M99,M98&","&M99&","&M100,M98&","&M99&","&M100&","&M101),"") -> SIS | W98: 45733 | X98: =MONTH(W98) -> 3 | Y98: =YEAR(W98) -> 2025
A99: =IF(ISBLANK(H99),"",H99&"-"&IF(OR(LEN(I99)=1,LEN(I99)=4),"0"&I99,I99)&"-"&IF(LEN(G99)=1,"0"&G99,G99)) -> B1-02-02 | B99: =IF(AND(A99<>A98,A99<>""),COUNTIF(A:A,A99),"") -> 1 | C99: Vijaya2 | D99: 45721 | E99: =IF(ISBLANK(D99),"",D99-F99) -> 45721 | F99: 0 | G99: 2 | H99: B1 | I99: 2 | J99: Np4 | K99: Vijaya1 | L99: V1-MB1 | M99: SIS | N99: 1.4 | O99: =IF(ISBLANK(L99),"",IF(OR(ISBLANK(VLOOKUP(L99&"-"&E99,'Np Quality'!A:M,6,FALSE)),ISERROR(VLOOKUP(L99&"-"&E99,'Np Quality'!A:M,6,FALSE))),"-",VLOOKUP(L99&"-"&E99,'Np Quality'!A:M,6,FALSE))) -> Np4 | P99: =IF(ISBLANK(L99),"",IF(OR(ISBLANK(VLOOKUP(L99&"-"&E99,'Np Quality'!A:M,7,FALSE)),ISERROR(VLOOKUP(L99&"-"&E99,'Np Quality'!A:M,7,FALSE))),"-",VLOOKUP(L99&"-"&E99,'Np Quality'!A:M,7,FALSE))) -> 0.9 | Q99: =IF(ISBLANK(L99),"",IF(OR(ISBLANK(VLOOKUP(L99&"-"&E99,'Np Quality'!A:M,8,FALSE)),ISERROR(VLOOKUP(L99&"-"&E99,'Np Quality'!A:M,8,FALSE))),"-",VLOOKUP(L99&"-"&E99,'Np Quality'!A:M,8,FALSE))) -> 0.9 | R99: =IF(ISBLANK(L99),"",IF(OR(ISBLANK(VLOOKUP(L99&"-"&E99,'Np Quality'!A:M,9,FALSE)),ISERROR(VLOOKUP(L99&"-"&E99,'Np Quality'!A:M,9,FALSE))),"-",VLOOKUP(L99&"-"&E99,'Np Quality'!A:M,9,FALSE))) -> 0 | T99: =IF(ISNUMBER(B99),CHOOSE(B99,L99,L99&","&L100,L99&","&L100&","&L101,L99&","&L100&","&L101&","&L102),"") -> V1-MB1 | U99: =IF(ISNUMBER(B99),CHOOSE(B99,M99,M99&","&M100,M99&","&M100&","&M101,M99&","&M100&","&M101&","&M102),"") -> SIS | W99: 45734 | X99: =MONTH(W99) -> 3 | Y99: =YEAR(W99) -> 2025
A100: =IF(ISBLANK(H100),"",H100&"-"&IF(OR(LEN(I100)=1,LEN(I100)=4),"0"&I100,I100)&"-"&IF(LEN(G100)=1,"0"&G100,G100)) -> B1-03-02 | B100: =IF(AND(A100<>A99,A100<>""),COUNTIF(A:A,A100),"") -> 1 | C100: Vijaya2 | D100: 45721 | E100: =IF(ISBLANK(D100),"",D100-F100) -> 45721 | F100: 0 | G100: 2 | H100: B1 | I100: 3 | J100: Np4 | K100: Vijaya1 | L100: V1-MB1 | M100: SIS | N100: 1.4 | O100: =IF(ISBLANK(L100),"",IF(OR(ISBLANK(VLOOKUP(L100&"-"&E100,'Np Quality'!A:M,6,FALSE)),ISERROR(VLOOKUP(L100&"-"&E100,'Np Quality'!A:M,6,FALSE))),"-",VLOOKUP(L100&"-"&E100,'Np Quality'!A:M,6,FALSE))) -> Np4 | P100: =IF(ISBLANK(L100),"",IF(OR(ISBLANK(VLOOKUP(L100&"-"&E100,'Np Quality'!A:M,7,FALSE)),ISERROR(VLOOKUP(L100&"-"&E100,'Np Quality'!A:M,7,FALSE))),"-",VLOOKUP(L100&"-"&E100,'Np Quality'!A:M,7,FALSE))) -> 0.9 | Q100: =IF(ISBLANK(L100),"",IF(OR(ISBLANK(VLOOKUP(L100&"-"&E100,'Np Quality'!A:M,8,FALSE)),ISERROR(VLOOKUP(L100&"-"&E100,'Np Quality'!A:M,8,FALSE))),"-",VLOOKUP(L100&"-"&E100,'Np Quality'!A:M,8,FALSE))) -> 0.9 | R100: =IF(ISBLANK(L100),"",IF(OR(ISBLANK(VLOOKUP(L100&"-"&E100,'Np Quality'!A:M,9,FALSE)),ISERROR(VLOOKUP(L100&"-"&E100,'Np Quality'!A:M,9,FALSE))),"-",VLOOKUP(L100&"-"&E100,'Np Quality'!A:M,9,FALSE))) -> 0 | T100: =IF(ISNUMBER(B100),CHOOSE(B100,L100,L100&","&L101,L100&","&L101&","&L102,L100&","&L101&","&L102&","&L103),"") -> V1-MB1 | U100: =IF(ISNUMBER(B100),CHOOSE(B100,M100,M100&","&M101,M100&","&M101&","&M102,M100&","&M101&","&M102&","&M103),"") -> SIS | W100: 45735 | X100: =MONTH(W100) -> 3 | Y100: =YEAR(W100) -> 2025
...

Sheet PL1 Raw Data
A1: Tank #Crop | B1: Hatchery | C1: Np stocking date | D1: PL1 Date | E1: Crop | F1: Unit | G1: Tank No. | H1: Mat Code | I1: Brooder Source | J1: Total volume (Ton.) | K1: Np stocking Actual | L1: Np stocking bill | M1: Actual density/L | N1: DoC | O1: %PL1 | P1: TL (mm.) | Q1: %CV | R1: GVC | S1: YVC | T1: LB | U1: H2S | V1: ASDD | W1: SUD | X1: DOC10 Date | Y1: DoC | Z1: TL (mm.) DOC10 | AA1: %CV DOC10 | AB1: DOC13 Date | AC1: DoC | AD1: TL (mm.) DOC13 | AE1: %CV DOC13 | AF1: %TL DOC13 | AG1: ASDD DOC13 | AH1: SUD DOC13 | AI1: Weight (pcs/g) | AJ1: Remark | AK1: PL1 Estimation (mill.)
A2: =IF(ISBLANK(F2),"",F2&"-"&IF(OR(LEN(G2)=1,LEN(G2)=4),"0"&G2,G2)&"-"&IF(OR(LEN(E2)=1,LEN(E2)=4),"0"&E2,E2)) -> C1-01-01 | B2: Vijaya2 | C2: 45683 | D2: 45690 | E2: 1 | F2: C1 | G2: 1 | H2: =IF(ISBLANK(F2),"",IFERROR(VLOOKUP(A2,'Np PL4 Stock'!$A:$U,20,FALSE),"")) -> PD-MA1 | I2: Konabay | J2: =IF(ISBLANK(F2),"",VLOOKUP(LEFT(A2,5),Unit!A:B,2,FALSE)) -> 20 | K2: 2.1 | L2: 1 | M2: =IFERROR((K2/J2*1000),"") -> 105 | N2: =IF(ISBLANK(D2),"",IFERROR(IF(VLOOKUP(A2,'Np PL4 Stock'!A:J,10,FALSE)="Np4",D2-VLOOKUP(A2,'Np PL4 Stock'!A:E,5,FALSE),D2-1-VLOOKUP(A2,'Np PL4 Stock'!A:E,5,FALSE)),"")) -> 7 | O2: 1 | P2: 5.776 | Q2: 0.0584 | R2: - | S2: - | T2: - | U2: - | V2: 0 | W2: 0.01 | X2: 45693 | Y2: =IF(ISBLANK(X2),"",IFERROR(IF(VLOOKUP(A2,'Np PL4 Stock'!A:J,10,FALSE)="Np4",X2-VLOOKUP(A2,'Np PL4 Stock'!A:E,5,FALSE),X2-1-VLOOKUP(A2,'Np PL4 Stock'!A:E,5,FALSE)),"")) -> 10 | Z2: 7.359 | AA2: 0.0575 | AB2: 45696 | AC2: =IF(ISBLANK(AB2),"",IFERROR(IF(VLOOKUP(A2,'Np PL4 Stock'!A:J,10,FALSE)="Np4",AB2-VLOOKUP(A2,'Np PL4 Stock'!A:E,5,FALSE),AB2-1-VLOOKUP(A2,'Np PL4 Stock'!A:E,5,FALSE)),"")) -> 13 | AD2: 8.769 | AE2: 0.0793 | AF2: 98 | AG2: 0 | AH2: 0 | AI2: 234
A3: =IF(ISBLANK(F3),"",F3&"-"&IF(OR(LEN(G3)=1,LEN(G3)=4),"0"&G3,G3)&"-"&IF(OR(LEN(E3)=1,LEN(E3)=4),"0"&E3,E3)) -> C1-02-01 | B3: Vijaya2 | C3: 45683 | D3: 45690 | E3: 1 | F3: C1 | G3: 2 | H3: =IF(ISBLANK(F3),"",IFERROR(VLOOKUP(A3,'Np PL4 Stock'!$A:$U,20,FALSE),"")) -> PD-MA1 | I3: Konabay | J3: =IF(ISBLANK(F3),"",VLOOKUP(LEFT(A3,5),Unit!A:B,2,FALSE)) -> 20 | K3: 2.09 | L3: 1 | M3: =IFERROR((K3/J3*1000),"") -> 104.5 | N3: =IF(ISBLANK(D3),"",IFERROR(IF(VLOOKUP(A3,'Np PL4 Stock'!A:J,10,FALSE)="Np4",D3-VLOOKUP(A3,'Np PL4 Stock'!A:E,5,FALSE),D3-1-VLOOKUP(A3,'Np PL4 Stock'!A:E,5,FALSE)),"")) -> 7 | O3: 0.99 | P3: 5.741 | Q3: 0.0519 | R3: - | S3: - | T3: - | U3: - | V3: 0.01 | W3: 0 | X3: 45693 | Y3: =IF(ISBLANK(X3),"",IFERROR(IF(VLOOKUP(A3,'Np PL4 Stock'!A:J,10,FALSE)="Np4",X3-VLOOKUP(A3,'Np PL4 Stock'!A:E,5,FALSE),X3-1-VLOOKUP(A3,'Np PL4 Stock'!A:E,5,FALSE)),"")) -> 10 | Z3: 7.421 | AA3: 0.0647 | AB3: 45696 | AC3: =IF(ISBLANK(AB3),"",IFERROR(IF(VLOOKUP(A3,'Np PL4 Stock'!A:J,10,FALSE)="Np4",AB3-VLOOKUP(A3,'Np PL4 Stock'!A:E,5,FALSE),AB3-1-VLOOKUP(A3,'Np PL4 Stock'!A:E,5,FALSE)),"")) -> 13 | AD3: 8.961 | AE3: 0.0812 | AF3: 100 | AG3: 0 | AH3: 0 | AI3: 205
A4: =IF(ISBLANK(F4),"",F4&"-"&IF(OR(LEN(G4)=1,LEN(G4)=4),"0"&G4,G4)&"-"&IF(OR(LEN(E4)=1,LEN(E4)=4),"0"&E4,E4)) -> C1-03-01 | B4: Vijaya2 | C4: 45683 | D4: 45690 | E4: 1 | F4: C1 | G4: 3 | H4: =IF(ISBLANK(F4),"",IFERROR(VLOOKUP(A4,'Np PL4 Stock'!$A:$U,20,FALSE),"")) -> PD-MA1 | I4: Konabay | J4: =IF(ISBLANK(F4),"",VLOOKUP(LEFT(A4,5),Unit!A:B,2,FALSE)) -> 20 | K4: 2.09 | L4: 1 | M4: =IFERROR((K4/J4*1000),"") -> 104.5 | N4: =IF(ISBLANK(D4),"",IFERROR(IF(VLOOKUP(A4,'Np PL4 Stock'!A:J,10,FALSE)="Np4",D4-VLOOKUP(A4,'Np PL4 Stock'!A:E,5,FALSE),D4-1-VLOOKUP(A4,'Np PL4 Stock'!A:E,5,FALSE)),"")) -> 7 | O4: 1 | P4: 5.663 | Q4: 0.0533 | R4: - | S4: - | T4: - | U4: - | V4: 0 | W4: 0 | X4: 45693 | Y4: =IF(ISBLANK(X4),"",IFERROR(IF(VLOOKUP(A4,'Np PL4 Stock'!A:J,10,FALSE)="Np4",X4-VLOOKUP(A4,'Np PL4 Stock'!A:E,5,FALSE),X4-1-VLOOKUP(A4,'Np PL4 Stock'!A:E,5,FALSE)),"")) -> 10 | Z4: 7.48 | AA4: 0.0463 | AB4: 45696 | AC4: =IF(ISBLANK(AB4),"",IFERROR(IF(VLOOKUP(A4,'Np PL4 Stock'!A:J,10,FALSE)="Np4",AB4-VLOOKUP(A4,'Np PL4 Stock'!A:E,5,FALSE),AB4-1-VLOOKUP(A4,'Np PL4 Stock'!A:E,5,FALSE)),"")) -> 13 | AD4: 8.826 | AE4: 0.0739 | AF4: 100 | AG4: 0 | AH4: 0 | AI4: 213
A5: =IF(ISBLANK(F5),"",F5&"-"&IF(OR(LEN(G5)=1,LEN(G5)=4),"0"&G5,G5)&"-"&IF(OR(LEN(E5)=1,LEN(E5)=4),"0"&E5,E5)) -> C1-04-01 | B5: Vijaya2 | C5: 45683 | D5: 45690 | E5: 1 | F5: C1 | G5: 4 | H5: =IF(ISBLANK(F5),"",IFERROR(VLOOKUP(A5,'Np PL4 Stock'!$A:$U,20,FALSE),"")) -> PD-MA1 | I5: Konabay | J5: =IF(ISBLANK(F5),"",VLOOKUP(LEFT(A5,5),Unit!A:B,2,FALSE)) -> 20 | K5: 2.09 | L5: 1 | M5: =IFERROR((K5/J5*1000),"") -> 104.5 | N5: =IF(ISBLANK(D5),"",IFERROR(IF(VLOOKUP(A5,'Np PL4 Stock'!A:J,10,FALSE)="Np4",D5-VLOOKUP(A5,'Np PL4 Stock'!A:E,5,FALSE),D5-1-VLOOKUP(A5,'Np PL4 Stock'!A:E,5,FALSE)),"")) -> 7 | O5: 0.98 | P5: 5.71 | Q5: 0.0568 | R5: - | S5: - | T5: - | U5: - | V5: 0 | W5: 0 | X5: 45693 | Y5: =IF(ISBLANK(X5),"",IFERROR(IF(VLOOKUP(A5,'Np PL4 Stock'!A:J,10,FALSE)="Np4",X5-VLOOKUP(A5,'Np PL4 Stock'!A:E,5,FALSE),X5-1-VLOOKUP(A5,'Np PL4 Stock'!A:E,5,FALSE)),"")) -> 10 | Z5: 7.431 | AA5: 0.0613 | AB5: 45696 | AC5: =IF(ISBLANK(AB5),"",IFERROR(IF(VLOOKUP(A5,'Np PL4 Stock'!A:J,10,FALSE)="Np4",AB5-VLOOKUP(A5,'Np PL4 Stock'!A:E,5,FALSE),AB5-1-VLOOKUP(A5,'Np PL4 Stock'!A:E,5,FALSE)),"")) -> 13 | AD5: 8.769 | AE5: 0.085 | AF5: 100 | AG5: 0 | AH5: 0 | AI5: 234
A6: =IF(ISBLANK(F6),"",F6&"-"&IF(OR(LEN(G6)=1,LEN(G6)=4),"0"&G6,G6)&"-"&IF(OR(LEN(E6)=1,LEN(E6)=4),"0"&E6,E6)) -> C1-05-01 | B6: Vijaya2 | C6: 45684 | D6: 45691 | E6: 1 | F6: C1 | G6: 5 | H6: =IF(ISBLANK(F6),"",IFERROR(VLOOKUP(A6,'Np PL4 Stock'!$A:$U,20,FALSE),"")) -> PD-MA1 | I6: Konabay | J6: =IF(ISBLANK(F6),"",VLOOKUP(LEFT(A6,5),Unit!A:B,2,FALSE)) -> 20 | K6: 2.0935 | L6: 1 | M6: =IFERROR((K6/J6*1000),"") -> 104.675 | N6: =IF(ISBLANK(D6),"",IFERROR(IF(VLOOKUP(A6,'Np PL4 Stock'!A:J,10,FALSE)="Np4",D6-VLOOKUP(A6,'Np PL4 Stock'!A:E,5,FALSE),D6-1-VLOOKUP(A6,'Np PL4 Stock'!A:E,5,FALSE)),"")) -> 7 | O6: 0.98 | P6: 5.881 | Q6: 0.0595 | R6: - | S6: - | T6: - | U6: - | V6: 0 | W6: 0 | X6: 45694 | Y6: =IF(ISBLANK(X6),"",IFERROR(IF(VLOOKUP(A6,'Np PL4 Stock'!A:J,10,FALSE)="Np4",X6-VLOOKUP(A6,'Np PL4 Stock'!A:E,5,FALSE),X6-1-VLOOKUP(A6,'Np PL4 Stock'!A:E,5,FALSE)),"")) -> 10 | Z6: 7.426 | AA6: 0.0572 | AB6: 45697 | AC6: =IF(ISBLANK(AB6),"",IFERROR(IF(VLOOKUP(A6,'Np PL4 Stock'!A:J,10,FALSE)="Np4",AB6-VLOOKUP(A6,'Np PL4 Stock'!A:E,5,FALSE),AB6-1-VLOOKUP(A6,'Np PL4 Stock'!A:E,5,FALSE)),"")) -> 13 | AD6: 8.718 | AE6: 0.0769 | AF6: 100 | AG6: 0 | AH6: 0 | AI6: 238
A7: =IF(ISBLANK(F7),"",F7&"-"&IF(OR(LEN(G7)=1,LEN(G7)=4),"0"&G7,G7)&"-"&IF(OR(LEN(E7)=1,LEN(E7)=4),"0"&E7,E7)) -> C1-06-01 | B7: Vijaya2 | C7: 45684 | D7: 45691 | E7: 1 | F7: C1 | G7: 6 | H7: =IF(ISBLANK(F7),"",IFERROR(VLOOKUP(A7,'Np PL4 Stock'!$A:$U,20,FALSE),"")) -> PD-MA1 | I7: Konabay | J7: =IF(ISBLANK(F7),"",VLOOKUP(LEFT(A7,5),Unit!A:B,2,FALSE)) -> 20 | K7: 2.0935 | L7: 1 | M7: =IFERROR((K7/J7*1000),"") -> 104.675 | N7: =IF(ISBLANK(D7),"",IFERROR(IF(VLOOKUP(A7,'Np PL4 Stock'!A:J,10,FALSE)="Np4",D7-VLOOKUP(A7,'Np PL4 Stock'!A:E,5,FALSE),D7-1-VLOOKUP(A7,'Np PL4 Stock'!A:E,5,FALSE)),"")) -> 7 | O7: 0.99 | P7: 5.792 | Q7: 0.0554 | R7: - | S7: - | T7: - | U7: - | V7: 0 | W7: 0 | X7: 45694 | Y7: =IF(ISBLANK(X7),"",IFERROR(IF(VLOOKUP(A7,'Np PL4 Stock'!A:J,10,FALSE)="Np4",X7-VLOOKUP(A7,'Np PL4 Stock'!A:E,5,FALSE),X7-1-VLOOKUP(A7,'Np PL4 Stock'!A:E,5,FALSE)),"")) -> 10 | Z7: 7.247 | AA7: 0.0547 | AC7: =IF(ISBLANK(AB7),"",IFERROR(IF(VLOOKUP(A7,'Np PL4 Stock'!A:J,10,FALSE)="Np4",AB7-VLOOKUP(A7,'Np PL4 Stock'!A:E,5,FALSE),AB7-1-VLOOKUP(A7,'Np PL4 Stock'!A:E,5,FALSE)),""))
A8: =IF(ISBLANK(F8),"",F8&"-"&IF(OR(LEN(G8)=1,LEN(G8)=4),"0"&G8,G8)&"-"&IF(OR(LEN(E8)=1,LEN(E8)=4),"0"&E8,E8)) -> C1-07-01 | B8: Vijaya2 | C8: 45684 | D8: 45691 | E8: 1 | F8: C1 | G8: 7 | H8: =IF(ISBLANK(F8),"",IFERROR(VLOOKUP(A8,'Np PL4 Stock'!$A:$U,20,FALSE),"")) -> PD-MA1 | I8: Konabay | J8: =IF(ISBLANK(F8),"",VLOOKUP(LEFT(A8,5),Unit!A:B,2,FALSE)) -> 20 | K8: 2.0935 | L8: 1 | M8: =IFERROR((K8/J8*1000),"") -> 104.675 | N8: =IF(ISBLANK(D8),"",IFERROR(IF(VLOOKUP(A8,'Np PL4 Stock'!A:J,10,FALSE)="Np4",D8-VLOOKUP(A8,'Np PL4 Stock'!A:E,5,FALSE),D8-1-VLOOKUP(A8,'Np PL4 Stock'!A:E,5,FALSE)),"")) -> 7 | O8: 0.98 | P8: 5.602 | Q8: 0.0509 | R8: - | S8: - | T8: - | U8: - | V8: 0 | W8: 0 | X8: 45694 | Y8: =IF(ISBLANK(X8),"",IFERROR(IF(VLOOKUP(A8,'Np PL4 Stock'!A:J,10,FALSE)="Np4",X8-VLOOKUP(A8,'Np PL4 Stock'!A:E,5,FALSE),X8-1-VLOOKUP(A8,'Np PL4 Stock'!A:E,5,FALSE)),"")) -> 10 | Z8: 7.372 | AA8: 0.0627 | AC8: =IF(ISBLANK(AB8),"",IFERROR(IF(VLOOKUP(A8,'Np PL4 Stock'!A:J,10,FALSE)="Np4",AB8-VLOOKUP(A8,'Np PL4 Stock'!A:E,5,FALSE),AB8-1-VLOOKUP(A8,'Np PL4 Stock'!A:E,5,FALSE)),""))
A9: =IF(ISBLANK(F9),"",F9&"-"&IF(OR(LEN(G9)=1,LEN(G9)=4),"0"&G9,G9)&"-"&IF(OR(LEN(E9)=1,LEN(E9)=4),"0"&E9,E9)) -> C1-08-01 | B9: Vijaya2 | C9: 45684 | D9: 45691 | E9: 1 | F9: C1 | G9: 8 | H9: =IF(ISBLANK(F9),"",IFERROR(VLOOKUP(A9,'Np PL4 Stock'!$A:$U,20,FALSE),"")) -> PD-MA1 | I9: Konabay | J9: =IF(ISBLANK(F9),"",VLOOKUP(LEFT(A9,5),Unit!A:B,2,FALSE)) -> 20 | K9: 2.0935 | L9: 1 | M9: =IFERROR((K9/J9*1000),"") -> 104.675 | N9: =IF(ISBLANK(D9),"",IFERROR(IF(VLOOKUP(A9,'Np PL4 Stock'!A:J,10,FALSE)="Np4",D9-VLOOKUP(A9,'Np PL4 Stock'!A:E,5,FALSE),D9-1-VLOOKUP(A9,'Np PL4 Stock'!A:E,5,FALSE)),"")) -> 7 | O9: 0.97 | P9: 5.859 | Q9: 0.0542 | R9: - | S9: - | T9: - | U9: - | V9: 0 | W9: 0 | X9: 45694 | Y9: =IF(ISBLANK(X9),"",IFERROR(IF(VLOOKUP(A9,'Np PL4 Stock'!A:J,10,FALSE)="Np4",X9-VLOOKUP(A9,'Np PL4 Stock'!A:E,5,FALSE),X9-1-VLOOKUP(A9,'Np PL4 Stock'!A:E,5,FALSE)),"")) -> 10 | Z9: 7.467 | AA9: 0.0598 | AC9: =IF(ISBLANK(AB9),"",IFERROR(IF(VLOOKUP(A9,'Np PL4 Stock'!A:J,10,FALSE)="Np4",AB9-VLOOKUP(A9,'Np PL4 Stock'!A:E,5,FALSE),AB9-1-VLOOKUP(A9,'Np PL4 Stock'!A:E,5,FALSE)),""))
A10: =IF(ISBLANK(F10),"",F10&"-"&IF(OR(LEN(G10)=1,LEN(G10)=4),"0"&G10,G10)&"-"&IF(OR(LEN(E10)=1,LEN(E10)=4),"0"&E10,E10)) -> D1-01-01 | B10: Vijaya2 | C10: 45684 | D10: 45691 | E10: 1 | F10: D1 | G10: 1 | H10: =IF(ISBLANK(F10),"",IFERROR(VLOOKUP(A10,'Np PL4 Stock'!$A:$U,20,FALSE),"")) -> PD-MC1 | I10: Konabay | J10: =IF(ISBLANK(F10),"",VLOOKUP(LEFT(A10,5),Unit!A:B,2,FALSE)) -> 20 | K10: 2.683 | L10: 1 | M10: =IFERROR((K10/J10*1000),"") -> 134.15 | N10: =IF(ISBLANK(D10),"",IFERROR(IF(VLOOKUP(A10,'Np PL4 Stock'!A:J,10,FALSE)="Np4",D10-VLOOKUP(A10,'Np PL4 Stock'!A:E,5,FALSE),D10-1-VLOOKUP(A10,'Np PL4 Stock'!A:E,5,FALSE)),"")) -> 7 | O10: 0.98 | P10: 5.924 | Q10: 0.0561 | R10: - | S10: - | T10: - | U10: - | V10: 0 | W10: 0 | X10: 45694 | Y10: =IF(ISBLANK(X10),"",IFERROR(IF(VLOOKUP(A10,'Np PL4 Stock'!A:J,10,FALSE)="Np4",X10-VLOOKUP(A10,'Np PL4 Stock'!A:E,5,FALSE),X10-1-VLOOKUP(A10,'Np PL4 Stock'!A:E,5,FALSE)),"")) -> 10 | Z10: 7.394 | AA10: 0.0594 | AC10: =IF(ISBLANK(AB10),"",IFERROR(IF(VLOOKUP(A10,'Np PL4 Stock'!A:J,10,FALSE)="Np4",AB10-VLOOKUP(A10,'Np PL4 Stock'!A:E,5,FALSE),AB10-1-VLOOKUP(A10,'Np PL4 Stock'!A:E,5,FALSE)),""))
A11: =IF(ISBLANK(F11),"",F11&"-"&IF(OR(LEN(G11)=1,LEN(G11)=4),"0"&G11,G11)&"-"&IF(OR(LEN(E11)=1,LEN(E11)=4),"0"&E11,E11)) -> D1-02-01 | B11: Vijaya2 | C11: 45684 | D11: 45691 | E11: 1 | F11: D1 | G11: 2 | H11: =IF(ISBLANK(F11),"",IFERROR(VLOOKUP(A11,'Np PL4 Stock'!$A:$U,20,FALSE),"")) -> V1-MD1 | I11: Konabay | J11: =IF(ISBLANK(F11),"",VLOOKUP(LEFT(A11,5),Unit!A:B,2,FALSE)) -> 20 | K11: 2.04 | L11: 1 | M11: =IFERROR((K11/J11*1000),"") -> 102 | N11: =IF(ISBLANK(D11),"",IFERROR(IF(VLOOKUP(A11,'Np PL4 Stock'!A:J,10,FALSE)="Np4",D11-VLOOKUP(A11,'Np PL4 Stock'!A:E,5,FALSE),D11-1-VLOOKUP(A11,'Np PL4 Stock'!A:E,5,FALSE)),"")) -> 7 | O11: 0.99 | P11: 5.805 | Q11: 0.0506 | R11: - | S11: - | T11: - | U11: - | V11: 0 | W11: 0 | X11: 45694 | Y11: =IF(ISBLANK(X11),"",IFERROR(IF(VLOOKUP(A11,'Np PL4 Stock'!A:J,10,FALSE)="Np4",X11-VLOOKUP(A11,'Np PL4 Stock'!A:E,5,FALSE),X11-1-VLOOKUP(A11,'Np PL4 Stock'!A:E,5,FALSE)),"")) -> 10 | Z11: 7.453 | AA11: 0.0659 | AB11: 45697 | AC11: =IF(ISBLANK(AB11),"",IFERROR(IF(VLOOKUP(A11,'Np PL4 Stock'!A:J,10,FALSE)="Np4",AB11-VLOOKUP(A11,'Np PL4 Stock'!A:E,5,FALSE),AB11-1-VLOOKUP(A11,'Np PL4 Stock'!A:E,5,FALSE)),"")) -> 13 | AD11: 9.288 | AE11: 0.0825 | AF11: 98.734 | AG11: 0 | AH11: 0 | AI11: 192
A12: =IF(ISBLANK(F12),"",F12&"-"&IF(OR(LEN(G12)=1,LEN(G12)=4),"0"&G12,G12)&"-"&IF(OR(LEN(E12)=1,LEN(E12)=4),"0"&E12,E12)) -> D1-03-01 | B12: Vijaya2 | C12: 45685 | D12: 45692 | E12: 1 | F12: D1 | G12: 3 | H12: =IF(ISBLANK(F12),"",IFERROR(VLOOKUP(A12,'Np PL4 Stock'!$A:$U,20,FALSE),"")) -> V1-MD1 | I12: Konabay | J12: =IF(ISBLANK(F12),"",VLOOKUP(LEFT(A12,5),Unit!A:B,2,FALSE)) -> 20 | K12: 1.656 | L12: 1 | M12: =IFERROR((K12/J12*1000),"") -> 82.8 | N12: =IF(ISBLANK(D12),"",IFERROR(IF(VLOOKUP(A12,'Np PL4 Stock'!A:J,10,FALSE)="Np4",D12-VLOOKUP(A12,'Np PL4 Stock'!A:E,5,FALSE),D12-1-VLOOKUP(A12,'Np PL4 Stock'!A:E,5,FALSE)),"")) -> 7 | O12: 1 | P12: 5.767 | Q12: 0.0543 | R12: - | S12: - | T12: - | U12: - | V12: 0 | W12: 0 | X12: 45695 | Y12: =IF(ISBLANK(X12),"",IFERROR(IF(VLOOKUP(A12,'Np PL4 Stock'!A:J,10,FALSE)="Np4",X12-VLOOKUP(A12,'Np PL4 Stock'!A:E,5,FALSE),X12-1-VLOOKUP(A12,'Np PL4 Stock'!A:E,5,FALSE)),"")) -> 10 | Z12: 7.284 | AA12: 0.0657 | AB12: 45698 | AC12: =IF(ISBLANK(AB12),"",IFERROR(IF(VLOOKUP(A12,'Np PL4 Stock'!A:J,10,FALSE)="Np4",AB12-VLOOKUP(A12,'Np PL4 Stock'!A:E,5,FALSE),AB12-1-VLOOKUP(A12,'Np PL4 Stock'!A:E,5,FALSE)),"")) -> 13
A13: =IF(ISBLANK(F13),"",F13&"-"&IF(OR(LEN(G13)=1,LEN(G13)=4),"0"&G13,G13)&"-"&IF(OR(LEN(E13)=1,LEN(E13)=4),"0"&E13,E13)) -> D1-04-01 | B13: Vijaya2 | C13: 45685 | D13: 45692 | E13: 1 | F13: D1 | G13: 4 | H13: =IF(ISBLANK(F13),"",IFERROR(VLOOKUP(A13,'Np PL4 Stock'!$A:$U,20,FALSE),"")) -> V1-MD1 | I13: Konabay | J13: =IF(ISBLANK(F13),"",VLOOKUP(LEFT(A13,5),Unit!A:B,2,FALSE)) -> 20 | K13: 1.656 | L13: 1 | M13: =IFERROR((K13/J13*1000),"") -> 82.8 | N13: =IF(ISBLANK(D13),"",IFERROR(IF(VLOOKUP(A13,'Np PL4 Stock'!A:J,10,FALSE)="Np4",D13-VLOOKUP(A13,'Np PL4 Stock'!A:E,5,FALSE),D13-1-VLOOKUP(A13,'Np PL4 Stock'!A:E,5,FALSE)),"")) -> 7 | O13: 1 | P13: 5.73 | Q13: 0.0561 | R13: - | S13: - | T13: - | U13: - | V13: 0 | W13: 0 | X13: 45695 | Y13: =IF(ISBLANK(X13),"",IFERROR(IF(VLOOKUP(A13,'Np PL4 Stock'!A:J,10,FALSE)="Np4",X13-VLOOKUP(A13,'Np PL4 Stock'!A:E,5,FALSE),X13-1-VLOOKUP(A13,'Np PL4 Stock'!A:E,5,FALSE)),"")) -> 10 | Z13: 7.385 | AA13: 0.0622 | AB13: 45698 | AC13: =IF(ISBLANK(AB13),"",IFERROR(IF(VLOOKUP(A13,'Np PL4 Stock'!A:J,10,FALSE)="Np4",AB13-VLOOKUP(A13,'Np PL4 Stock'!A:E,5,FALSE),AB13-1-VLOOKUP(A13,'Np PL4 Stock'!A:E,5,FALSE)),"")) -> 13 | AD13: 9.413 | AE13: 0.0877 | AF13: 98.947 | AG13: 0 | AH13: 0 | AI13: 182
A14: =IF(ISBLANK(F14),"",F14&"-"&IF(OR(LEN(G14)=1,LEN(G14)=4),"0"&G14,G14)&"-"&IF(OR(LEN(E14)=1,LEN(E14)=4),"0"&E14,E14)) -> D1-05-01 | B14: Vijaya2 | C14: 45686 | D14: 45693 | E14: 1 | F14: D1 | G14: 5 | H14: =IF(ISBLANK(F14),"",IFERROR(VLOOKUP(A14,'Np PL4 Stock'!$A:$U,20,FALSE),"")) -> V1-MD1 | I14: Konabay | J14: =IF(ISBLANK(F14),"",VLOOKUP(LEFT(A14,5),Unit!A:B,2,FALSE)) -> 20 | K14: 3.456 | L14: 2 | M14: =IFERROR((K14/J14*1000),"") -> 172.8 | N14: =IF(ISBLANK(D14),"",IFERROR(IF(VLOOKUP(A14,'Np PL4 Stock'!A:J,10,FALSE)="Np4",D14-VLOOKUP(A14,'Np PL4 Stock'!A:E,5,FALSE),D14-1-VLOOKUP(A14,'Np PL4 Stock'!A:E,5,FALSE)),"")) -> 7 | O14: 1 | P14: 5.891 | Q14: 0.0522 | R14: - | S14: - | T14: - | U14: - | V14: 0 | W14: 0 | X14: 45696 | Y14: =IF(ISBLANK(X14),"",IFERROR(IF(VLOOKUP(A14,'Np PL4 Stock'!A:J,10,FALSE)="Np4",X14-VLOOKUP(A14,'Np PL4 Stock'!A:E,5,FALSE),X14-1-VLOOKUP(A14,'Np PL4 Stock'!A:E,5,FALSE)),"")) -> 10 | Z14: 7.608 | AA14: 0.051 | AB14: 45699 | AC14: =IF(ISBLANK(AB14),"",IFERROR(IF(VLOOKUP(A14,'Np PL4 Stock'!A:J,10,FALSE)="Np4",AB14-VLOOKUP(A14,'Np PL4 Stock'!A:E,5,FALSE),AB14-1-VLOOKUP(A14,'Np PL4 Stock'!A:E,5,FALSE)),"")) -> 13 | AD14: 8.747 | AE14: 0.0688 | AF14: 100 | AG14: 0 | AH14: 0 | AI14: 230
A15: =IF(ISBLANK(F15),"",F15&"-"&IF(OR(LEN(G15)=1,LEN(G15)=4),"0"&G15,G15)&"-"&IF(OR(LEN(E15)=1,LEN(E15)=4),"0"&E15,E15)) -> D1-06-01 | B15: Vijaya2 | C15: 45687 | D15: 45694 | E15: 1 | F15: D1 | G15: 6 | H15: =IF(ISBLANK(F15),"",IFERROR(VLOOKUP(A15,'Np PL4 Stock'!$A:$U,20,FALSE),"")) -> PD-MA1 | I15: Konabay | J15: =IF(ISBLANK(F15),"",VLOOKUP(LEFT(A15,5),Unit!A:B,2,FALSE)) -> 20 | K15: 4.266667 | L15: 2 | M15: =IFERROR((K15/J15*1000),"") -> 213.33335 | N15: =IF(ISBLANK(D15),"",IFERROR(IF(VLOOKUP(A15,'Np PL4 Stock'!A:J,10,FALSE)="Np4",D15-VLOOKUP(A15,'Np PL4 Stock'!A:E,5,FALSE),D15-1-VLOOKUP(A15,'Np PL4 Stock'!A:E,5,FALSE)),"")) -> 7 | O15: 1 | P15: 6.066 | Q15: 0.0514 | R15: - | S15: - | T15: - | U15: - | V15: 0 | W15: 0 | X15: 45697 | Y15: =IF(ISBLANK(X15),"",IFERROR(IF(VLOOKUP(A15,'Np PL4 Stock'!A:J,10,FALSE)="Np4",X15-VLOOKUP(A15,'Np PL4 Stock'!A:E,5,FALSE),X15-1-VLOOKUP(A15,'Np PL4 Stock'!A:E,5,FALSE)),"")) -> 10 | Z15: 7.718 | AA15: 0.0516 | AC15: =IF(ISBLANK(AB15),"",IFERROR(IF(VLOOKUP(A15,'Np PL4 Stock'!A:J,10,FALSE)="Np4",AB15-VLOOKUP(A15,'Np PL4 Stock'!A:E,5,FALSE),AB15-1-VLOOKUP(A15,'Np PL4 Stock'!A:E,5,FALSE)),""))
A16: =IF(ISBLANK(F16),"",F16&"-"&IF(OR(LEN(G16)=1,LEN(G16)=4),"0"&G16,G16)&"-"&IF(OR(LEN(E16)=1,LEN(E16)=4),"0"&E16,E16)) -> D1-07-01 | B16: Vijaya2 | C16: 45687 | D16: 45694 | E16: 1 | F16: D1 | G16: 7 | H16: =IF(ISBLANK(F16),"",IFERROR(VLOOKUP(A16,'Np PL4 Stock'!$A:$U,20,FALSE),"")) -> PD-MA1 | I16: Konabay | J16: =IF(ISBLANK(F16),"",VLOOKUP(LEFT(A16,5),Unit!A:B,2,FALSE)) -> 20 | K16: 4.266667 | L16: 2 | M16: =IFERROR((K16/J16*1000),"") -> 213.33335 | N16: =IF(ISBLANK(D16),"",IFERROR(IF(VLOOKUP(A16,'Np PL4 Stock'!A:J,10,FALSE)="Np4",D16-VLOOKUP(A16,'Np PL4 Stock'!A:E,5,FALSE),D16-1-VLOOKUP(A16,'Np PL4 Stock'!A:E,5,FALSE)),"")) -> 7 | O16: 1 | P16: 6.15 | Q16: 0.0523 | R16: - | S16: - | T16: - | U16: - | V16: 0 | W16: 0 | X16: 45697 | Y16: =IF(ISBLANK(X16),"",IFERROR(IF(VLOOKUP(A16,'Np PL4 Stock'!A:J,10,FALSE)="Np4",X16-VLOOKUP(A16,'Np PL4 Stock'!A:E,5,FALSE),X16-1-VLOOKUP(A16,'Np PL4 Stock'!A:E,5,FALSE)),"")) -> 10 | Z16: 7.65 | AA16: 0.067 | AC16: =IF(ISBLANK(AB16),"",IFERROR(IF(VLOOKUP(A16,'Np PL4 Stock'!A:J,10,FALSE)="Np4",AB16-VLOOKUP(A16,'Np PL4 Stock'!A:E,5,FALSE),AB16-1-VLOOKUP(A16,'Np PL4 Stock'!A:E,5,FALSE)),""))
A17: =IF(ISBLANK(F17),"",F17&"-"&IF(OR(LEN(G17)=1,LEN(G17)=4),"0"&G17,G17)&"-"&IF(OR(LEN(E17)=1,LEN(E17)=4),"0"&E17,E17)) -> D1-08-01 | B17: Vijaya2 | C17: 45687 | D17: 45694 | E17: 1 | F17: D1 | G17: 8 | H17: =IF(ISBLANK(F17),"",IFERROR(VLOOKUP(A17,'Np PL4 Stock'!$A:$U,20,FALSE),"")) -> PD-MC1 | I17: Konabay | J17: =IF(ISBLANK(F17),"",VLOOKUP(LEFT(A17,5),Unit!A:B,2,FALSE)) -> 20 | K17: 2.75 | L17: 1 | M17: =IFERROR((K17/J17*1000),"") -> 137.5 | N17: =IF(ISBLANK(D17),"",IFERROR(IF(VLOOKUP(A17,'Np PL4 Stock'!A:J,10,FALSE)="Np4",D17-VLOOKUP(A17,'Np PL4 Stock'!A:E,5,FALSE),D17-1-VLOOKUP(A17,'Np PL4 Stock'!A:E,5,FALSE)),"")) -> 7 | O17: 1 | P17: 5.843 | Q17: 0.0557 | R17: - | S17: - | T17: - | U17: - | V17: 0 | W17: 0 | X17: 45697 | Y17: =IF(ISBLANK(X17),"",IFERROR(IF(VLOOKUP(A17,'Np PL4 Stock'!A:J,10,FALSE)="Np4",X17-VLOOKUP(A17,'Np PL4 Stock'!A:E,5,FALSE),X17-1-VLOOKUP(A17,'Np PL4 Stock'!A:E,5,FALSE)),"")) -> 10 | Z17: 7.318 | AA17: 0.0629 | AB17: 45700 | AC17: =IF(ISBLANK(AB17),"",IFERROR(IF(VLOOKUP(A17,'Np PL4 Stock'!A:J,10,FALSE)="Np4",AB17-VLOOKUP(A17,'Np PL4 Stock'!A:E,5,FALSE),AB17-1-VLOOKUP(A17,'Np PL4 Stock'!A:E,5,FALSE)),"")) -> 13 | AD17: 8.284 | AE17: 0.0677 | AF17: 100 | AG17: 0 | AH17: 0 | AI17: 281
A18: =IF(ISBLANK(F18),"",F18&"-"&IF(OR(LEN(G18)=1,LEN(G18)=4),"0"&G18,G18)&"-"&IF(OR(LEN(E18)=1,LEN(E18)=4),"0"&E18,E18)) -> D1-09-01 | B18: Vijaya2 | C18: 45687 | D18: 45694 | E18: 1 | F18: D1 | G18: 9 | H18: =IF(ISBLANK(F18),"",IFERROR(VLOOKUP(A18,'Np PL4 Stock'!$A:$U,20,FALSE),"")) -> V1-MD1 | I18: Konabay | J18: =IF(ISBLANK(F18),"",VLOOKUP(LEFT(A18,5),Unit!A:B,2,FALSE)) -> 20 | K18: 3.336 | L18: 2 | M18: =IFERROR((K18/J18*1000),"") -> 166.8 | N18: =IF(ISBLANK(D18),"",IFERROR(IF(VLOOKUP(A18,'Np PL4 Stock'!A:J,10,FALSE)="Np4",D18-VLOOKUP(A18,'Np PL4 Stock'!A:E,5,FALSE),D18-1-VLOOKUP(A18,'Np PL4 Stock'!A:E,5,FALSE)),"")) -> 7 | O18: 1 | P18: 5.673 | Q18: 0.0542 | R18: - | S18: - | T18: - | U18: - | V18: 0 | W18: 0 | X18: 45697 | Y18: =IF(ISBLANK(X18),"",IFERROR(IF(VLOOKUP(A18,'Np PL4 Stock'!A:J,10,FALSE)="Np4",X18-VLOOKUP(A18,'Np PL4 Stock'!A:E,5,FALSE),X18-1-VLOOKUP(A18,'Np PL4 Stock'!A:E,5,FALSE)),"")) -> 10 | Z18: 7.099 | AA18: 0.0503 | AB18: 45700 | AC18: =IF(ISBLANK(AB18),"",IFERROR(IF(VLOOKUP(A18,'Np PL4 Stock'!A:J,10,FALSE)="Np4",AB18-VLOOKUP(A18,'Np PL4 Stock'!A:E,5,FALSE),AB18-1-VLOOKUP(A18,'Np PL4 Stock'!A:E,5,FALSE)),"")) -> 13 | AD18: 8.557 | AE18: 0.063 | AF18: 100 | AG18: 0 | AH18: 0 | AI18: 242
A19: =IF(ISBLANK(F19),"",F19&"-"&IF(OR(LEN(G19)=1,LEN(G19)=4),"0"&G19,G19)&"-"&IF(OR(LEN(E19)=1,LEN(E19)=4),"0"&E19,E19)) -> D1-10-01 | B19: Vijaya2 | C19: 45688 | D19: 45695 | E19: 1 | F19: D1 | G19: 10 | H19: =IF(ISBLANK(F19),"",IFERROR(VLOOKUP(A19,'Np PL4 Stock'!$A:$U,20,FALSE),"")) -> V1-MD1 | I19: Konabay | J19: =IF(ISBLANK(F19),"",VLOOKUP(LEFT(A19,5),Unit!A:B,2,FALSE)) -> 20 | K19: 3.12 | L19: 2 | M19: =IFERROR((K19/J19*1000),"") -> 156 | N19: =IF(ISBLANK(D19),"",IFERROR(IF(VLOOKUP(A19,'Np PL4 Stock'!A:J,10,FALSE)="Np4",D19-VLOOKUP(A19,'Np PL4 Stock'!A:E,5,FALSE),D19-1-VLOOKUP(A19,'Np PL4 Stock'!A:E,5,FALSE)),"")) -> 7 | O19: 1 | P19: 5.769 | Q19: 0.062 | R19: - | S19: - | T19: - | U19: - | V19: 0 | W19: 0 | X19: 45698 | Y19: =IF(ISBLANK(X19),"",IFERROR(IF(VLOOKUP(A19,'Np PL4 Stock'!A:J,10,FALSE)="Np4",X19-VLOOKUP(A19,'Np PL4 Stock'!A:E,5,FALSE),X19-1-VLOOKUP(A19,'Np PL4 Stock'!A:E,5,FALSE)),"")) -> 10 | Z19: 7.51 | AA19: 0.0615 | AC19: =IF(ISBLANK(AB19),"",IFERROR(IF(VLOOKUP(A19,'Np PL4 Stock'!A:J,10,FALSE)="Np4",AB19-VLOOKUP(A19,'Np PL4 Stock'!A:E,5,FALSE),AB19-1-VLOOKUP(A19,'Np PL4 Stock'!A:E,5,FALSE)),""))
